TransactionID,AccountID,TransactionAmount,TransactionDate,TransactionType,Location,DeviceID,IP Address,MerchantID,Channel,CustomerAge,CustomerOccupation,TransactionDuration,LoginAttempts,AccountBalance,PreviousTransactionDate
0,126,14.09,2023-04-11 16:29:14,1,36,364,185,14,0,70,0,81,1,5112.21,2024-11-04 08:08:08
1,449,376.24,2023-06-27 16:44:19,1,15,50,81,51,0,68,0,141,1,13758.91,2024-11-04 08:09:35
2,18,126.29,2023-07-10 18:16:08,1,23,229,342,8,2,19,3,56,1,1122.35,2024-11-04 08:07:04
3,68,184.5,2023-05-05 16:32:11,1,33,182,299,1,2,26,3,25,1,8569.06,2024-11-04 08:09:06
4,405,13.45,2023-10-16 17:51:24,0,1,297,499,90,2,26,3,198,1,7429.4,2024-11-04 08:06:39
5,387,92.15,2023-04-03 17:15:01,1,28,557,60,53,0,18,3,172,1,781.68,2024-11-04 08:06:36
6,196,7.08,2023-02-15 16:36:48,0,39,235,111,18,0,37,0,139,1,13316.71,2024-11-04 08:10:09
7,67,171.42,2023-05-08 17:47:59,0,16,480,568,19,1,67,2,291,1,2796.24,2024-11-04 08:10:55
8,133,106.23,2023-03-21 16:59:46,0,11,665,368,34,1,51,1,86,1,9095.14,2024-11-04 08:11:14
9,379,815.96,2023-03-31 16:06:57,1,26,194,391,6,0,55,0,120,1,1021.88,2024-11-04 08:06:32
10,148,17.78,2023-03-14 16:46:10,0,0,200,336,72,2,52,1,59,1,7599.52,2024-11-04 08:06:45
11,453,190.02,2023-02-06 17:30:00,1,22,567,56,29,2,21,3,173,1,1528.81,2024-11-04 08:07:12
12,386,494.52,2023-06-07 17:21:28,0,23,31,331,56,1,24,3,111,1,1620.02,2024-11-04 08:08:38
13,259,781.76,2023-11-20 16:39:15,1,22,53,276,24,0,26,3,123,1,189.69,2024-11-04 08:07:06
14,83,166.99,2023-02-13 16:53:57,1,21,298,250,16,2,18,3,134,1,299.93,2024-11-04 08:10:09
15,265,465.45,2023-12-12 16:23:31,1,10,449,359,24,0,36,1,129,1,3465.54,2024-11-04 08:12:19
16,312,555.8,2023-10-30 16:52:49,0,2,646,462,47,1,19,3,158,1,1131.26,2024-11-04 08:07:35
17,353,492.93,2023-12-14 18:32:14,1,8,415,49,58,2,39,1,234,1,5109.97,2024-11-04 08:11:51
18,237,18.68,2023-02-21 16:56:50,0,0,510,576,53,1,59,2,106,1,7948.37,2024-11-04 08:12:01
19,280,71.48,2023-06-08 18:18:50,0,8,38,69,38,2,18,3,169,1,6568.59,2024-11-04 08:09:20
20,1,59.32,2023-02-28 16:36:58,1,20,150,59,39,1,71,2,38,1,5750.89,2024-11-04 08:09:24
21,13,85.77,2023-08-11 18:31:31,1,19,259,476,64,1,38,0,93,1,9146.19,2024-11-04 08:08:13
22,93,52.2,2023-06-06 18:54:15,1,1,140,90,21,2,39,1,120,1,8974.93,2024-11-04 08:07:01
23,236,145.54,2023-03-02 16:43:56,1,33,35,62,27,2,21,3,96,1,1930.96,2024-11-04 08:07:09
24,39,7.49,2023-10-20 17:53:13,0,15,646,541,42,2,65,2,276,1,3634.67,2024-11-04 08:09:44
25,55,40.32,2023-03-29 16:42:38,1,25,299,326,7,1,37,1,95,1,2686.52,2024-11-04 08:11:59
26,384,127.45,2023-01-24 16:18:32,1,19,226,150,91,2,44,0,197,1,1772.06,2024-11-04 08:11:22
27,308,56.17,2023-09-20 16:55:42,1,11,287,395,42,1,27,3,283,1,1351.69,2024-11-04 08:08:30
28,361,28.31,2023-07-17 17:49:22,0,24,565,402,90,2,59,0,20,1,8334.47,2024-11-04 08:09:17
29,286,59.12,2023-02-06 16:24:24,1,3,273,247,52,0,29,0,257,1,9823.64,2024-11-04 08:06:58
30,353,877.81,2023-03-13 17:23:24,1,20,109,92,93,2,22,3,150,1,399.0,2024-11-04 08:07:50
31,359,255.26,2023-10-27 16:42:49,0,37,344,568,1,1,45,0,50,1,14815.87,2024-11-04 08:10:51
32,262,124.76,2023-10-16 16:32:56,1,39,41,477,1,1,49,1,45,1,5764.72,2024-11-04 08:06:23
33,398,78.13,2023-11-21 16:58:44,1,25,244,395,27,1,26,3,145,1,900.61,2024-11-04 08:12:18
34,199,649.28,2023-03-02 17:53:32,1,38,431,515,73,0,75,2,137,1,4875.86,2024-11-04 08:11:15
35,399,335.63,2023-01-24 17:17:20,1,28,37,447,39,2,55,2,216,1,1019.39,2024-11-04 08:07:32
36,415,328.47,2023-07-31 18:39:50,1,35,536,480,13,0,63,2,119,1,4323.66,2024-11-04 08:07:31
37,474,34.02,2023-01-09 16:13:21,1,30,602,25,45,2,38,0,19,1,14214.48,2024-11-04 08:11:45
38,118,241.42,2023-04-20 18:57:43,0,5,193,486,43,2,57,0,116,1,13357.02,2024-11-04 08:09:03
39,115,55.32,2023-04-12 16:03:37,1,40,192,218,8,0,19,3,117,1,241.79,2024-11-04 08:08:03
40,10,304.31,2023-07-26 16:52:28,1,21,660,521,4,1,27,3,33,1,868.61,2024-11-04 08:09:53
41,395,435.27,2023-10-04 17:49:29,1,6,287,285,50,1,74,2,90,1,4673.28,2024-11-04 08:11:12
42,277,164.49,2023-12-13 16:01:38,1,3,101,43,69,1,26,3,75,1,1509.27,2024-11-04 08:10:33
43,433,510.24,2023-10-09 16:29:40,1,28,380,244,89,2,19,3,105,1,781.7,2024-11-04 08:11:35
44,291,626.9,2023-11-27 16:45:57,1,10,275,571,22,2,26,3,138,1,265.51,2024-11-04 08:07:24
45,465,22.01,2023-03-27 16:45:18,0,34,293,75,54,2,41,1,175,1,1335.09,2024-11-04 08:06:31
46,157,425.34,2023-02-13 16:59:39,0,18,636,108,39,2,69,2,121,1,3907.54,2024-11-04 08:07:07
47,476,424.56,2023-02-21 17:45:55,1,29,575,230,14,2,51,1,264,1,5183.85,2024-11-04 08:09:02
48,113,85.43,2023-06-07 16:45:34,1,41,229,277,77,1,67,0,145,1,14904.9,2024-11-04 08:06:45
49,53,169.5,2023-09-07 16:51:27,1,36,425,426,35,1,28,3,142,1,918.88,2024-11-04 08:08:58
50,413,104.63,2023-03-29 17:47:16,1,29,617,244,94,0,62,2,90,1,4477.78,2024-11-04 08:10:42
51,368,316.95,2023-08-04 17:53:40,1,23,12,538,51,1,25,3,83,1,1324.03,2024-11-04 08:09:15
52,266,60.54,2023-12-14 17:52:37,0,8,445,0,94,1,57,2,52,1,3534.93,2024-11-04 08:09:57
53,450,292.56,2023-03-03 17:37:41,0,9,300,292,74,1,68,2,61,1,4638.37,2024-11-04 08:07:49
54,141,386.52,2023-06-09 16:18:15,1,16,143,245,63,1,48,1,28,1,5630.61,2024-11-04 08:07:09
55,421,112.07,2023-10-02 16:35:22,1,18,87,289,63,1,23,3,51,1,930.3,2024-11-04 08:11:37
56,432,568.52,2023-10-06 18:44:37,1,16,227,374,93,0,46,1,152,1,5499.91,2024-11-04 08:06:25
57,419,349.64,2023-11-07 16:48:23,1,19,496,563,96,2,48,1,226,1,6651.62,2024-11-04 08:08:09
58,320,601.4,2023-05-30 17:43:25,0,30,528,76,0,1,56,1,104,1,8458.29,2024-11-04 08:08:01
59,428,5.77,2023-11-02 16:01:40,1,5,444,155,70,2,50,0,124,1,13988.12,2024-11-04 08:11:32
60,237,201.33,2023-03-29 17:00:31,0,26,96,125,2,1,42,1,186,1,2585.07,2024-11-04 08:11:41
61,314,298.42,2023-04-25 16:11:24,1,16,418,568,4,1,56,2,225,1,3014.75,2024-11-04 08:10:12
62,454,521.06,2023-04-18 18:40:47,1,0,294,87,62,1,25,3,128,1,1951.42,2024-11-04 08:12:10
63,455,117.28,2023-02-09 16:34:53,0,2,126,438,56,2,60,1,16,1,3665.77,2024-11-04 08:07:11
64,389,189.12,2023-11-13 16:42:28,0,16,659,77,39,1,32,1,103,1,977.01,2024-11-04 08:08:42
65,214,133.55,2023-07-18 16:12:00,1,1,196,420,90,0,44,1,220,1,3846.28,2024-11-04 08:10:18
66,51,143.21,2023-01-13 17:00:16,1,9,393,499,65,2,35,1,135,1,6374.82,2024-11-04 08:09:26
67,277,24.77,2023-07-04 18:20:33,1,4,176,563,69,0,62,2,55,1,5866.01,2024-11-04 08:12:15
68,108,233.92,2023-10-20 16:54:28,0,17,285,149,45,2,26,3,280,1,6537.62,2024-11-04 08:08:45
69,234,232.12,2023-12-28 17:31:03,1,29,72,159,65,0,37,1,51,1,6689.87,2024-11-04 08:09:17
70,6,162.63,2023-06-12 17:53:52,1,18,69,482,59,2,22,3,113,1,634.17,2024-11-04 08:08:22
71,21,91.53,2023-03-13 16:32:12,1,25,350,579,94,1,44,0,69,1,14676.05,2024-11-04 08:11:36
72,458,120.29,2023-12-18 18:46:27,1,24,540,185,44,1,19,3,77,1,1362.39,2024-11-04 08:06:50
73,13,174.25,2023-07-17 18:54:31,1,39,359,86,31,2,50,0,67,1,10528.34,2024-11-04 08:10:29
74,400,183.71,2023-06-19 18:22:10,1,10,468,553,73,0,38,1,102,1,552.52,2024-11-04 08:09:51
75,439,345.39,2023-10-23 17:13:57,0,31,95,87,80,2,58,1,80,1,6451.96,2024-11-04 08:08:16
76,217,259.91,2023-11-06 16:34:10,1,10,591,404,27,2,49,0,170,1,7176.86,2024-11-04 08:09:38
77,138,154.71,2023-07-03 16:40:24,1,36,474,199,29,2,34,0,157,1,1523.72,2024-11-04 08:09:42
78,298,24.56,2023-10-20 17:27:35,1,23,411,170,32,1,64,0,69,1,9869.93,2024-11-04 08:12:05
79,367,568.07,2023-08-28 17:03:53,1,42,17,530,53,0,48,0,115,1,10556.81,2024-11-04 08:07:32
80,432,9.61,2023-06-22 18:37:29,0,36,436,88,42,2,58,0,179,1,12883.91,2024-11-04 08:09:10
81,431,392.96,2023-11-20 16:28:09,1,18,139,245,21,2,24,3,100,1,791.65,2024-11-04 08:08:38
82,104,716.93,2023-09-14 16:49:33,0,25,310,12,51,2,60,2,34,1,4064.02,2024-11-04 08:08:12
83,147,230.66,2023-03-27 18:16:04,1,15,506,485,48,1,21,3,135,1,618.05,2024-11-04 08:10:44
84,367,442.12,2023-12-21 16:37:03,1,20,620,204,46,2,19,3,260,1,1375.8,2024-11-04 08:08:21
85,419,644.17,2023-03-02 16:05:09,1,35,174,195,92,0,29,1,72,1,1143.52,2024-11-04 08:08:04
86,9,508.68,2023-06-26 16:16:50,0,23,597,271,47,1,51,1,127,1,7708.41,2024-11-04 08:09:32
87,342,858.63,2023-04-18 17:27:23,0,37,18,224,1,1,27,3,185,1,1872.96,2024-11-04 08:10:47
88,10,25.36,2023-07-17 17:08:24,1,21,187,488,6,0,57,1,78,1,201.04,2024-11-04 08:11:05
89,447,147.62,2023-09-01 17:26:02,1,5,91,143,27,1,71,2,133,1,2115.8,2024-11-04 08:07:22
90,175,115.02,2023-09-11 16:19:04,1,35,508,93,3,1,37,0,175,1,7643.66,2024-11-04 08:08:38
91,260,383.37,2023-01-24 17:23:56,1,13,309,231,65,1,30,1,24,1,8901.93,2024-11-04 08:11:07
92,17,98.54,2023-08-11 16:18:46,0,12,508,396,94,2,20,3,167,1,9383.43,2024-11-04 08:10:02
93,73,83.24,2023-10-16 18:35:11,0,13,584,326,8,1,55,0,164,1,1181.31,2024-11-04 08:10:52
94,458,196.16,2023-02-24 16:29:23,1,41,160,314,98,1,27,1,146,1,9418.86,2024-11-04 08:08:32
95,167,129.94,2023-01-02 16:36:02,1,19,622,36,44,0,32,1,235,1,7954.92,2024-11-04 08:06:35
96,230,306.9,2023-11-30 16:31:03,1,7,77,581,46,2,46,1,51,1,9418.08,2024-11-04 08:10:48
97,12,114.98,2023-11-01 16:52:01,1,39,178,51,31,2,59,2,80,1,6144.68,2024-11-04 08:09:24
98,391,756.59,2023-03-06 16:47:02,1,34,27,221,11,1,27,3,17,1,420.65,2024-11-04 08:11:40
99,417,503.76,2023-11-27 18:32:49,1,20,498,343,82,2,22,3,35,1,447.82,2024-11-04 08:09:22
100,152,143.03,2023-07-31 16:37:46,1,35,451,285,54,0,63,2,147,1,7981.45,2024-11-04 08:10:42
101,313,245.54,2023-03-21 16:29:31,1,27,516,430,88,0,25,3,180,1,985.06,2024-11-04 08:10:26
102,390,254.37,2023-04-20 18:26:50,0,9,459,120,11,2,51,1,174,1,8849.26,2024-11-04 08:06:56
103,119,213.76,2023-03-01 17:52:14,0,9,552,455,8,0,78,2,282,1,3528.72,2024-11-04 08:09:36
104,331,327.86,2023-02-10 16:52:48,1,14,630,250,50,2,40,1,104,1,480.16,2024-11-04 08:06:30
105,462,2.5,2023-07-21 16:43:11,1,36,648,432,41,2,47,0,107,1,12145.27,2024-11-04 08:09:53
106,277,300.08,2023-10-09 17:02:43,0,2,258,552,39,2,68,0,47,1,13546.75,2024-11-04 08:12:18
107,83,407.65,2023-07-07 16:11:38,1,4,524,586,40,2,26,1,62,1,8346.64,2024-11-04 08:06:30
108,90,115.83,2023-05-22 17:09:52,1,14,638,75,85,1,39,1,167,1,6481.04,2024-11-04 08:10:02
109,290,53.57,2023-08-16 16:17:12,1,15,469,437,24,0,69,2,121,1,1651.33,2024-11-04 08:08:43
110,352,63.34,2023-11-17 16:02:02,0,11,417,507,27,2,46,0,165,1,11174.94,2024-11-04 08:10:13
111,306,317.87,2023-05-22 17:29:35,1,11,302,527,75,2,27,3,91,1,145.5,2024-11-04 08:11:32
112,64,331.65,2023-08-25 17:26:07,1,32,36,373,5,2,41,1,61,1,4172.57,2024-11-04 08:11:00
113,335,5.04,2023-11-27 16:38:34,1,42,20,492,0,0,56,2,41,1,5558.36,2024-11-04 08:10:48
114,279,214.54,2023-08-04 17:46:44,0,11,110,281,25,2,70,0,247,1,11151.53,2024-11-04 08:11:56
115,205,598.81,2023-09-04 16:48:35,1,30,41,568,80,1,57,0,158,1,1415.52,2024-11-04 08:10:13
116,173,841.28,2023-08-09 17:34:26,1,40,267,12,82,2,26,3,80,1,1103.64,2024-11-04 08:09:58
117,51,38.15,2023-09-07 16:07:40,1,23,662,522,4,2,26,3,108,1,303.68,2024-11-04 08:07:42
118,376,124.72,2023-07-03 17:14:07,1,28,116,135,3,1,33,1,105,1,6309.8,2024-11-04 08:07:25
119,378,302.45,2023-09-25 17:13:36,0,35,51,312,58,1,78,2,40,1,5133.61,2024-11-04 08:11:55
120,200,208.04,2023-11-20 17:10:02,1,21,326,500,54,2,47,1,273,1,9344.98,2024-11-04 08:08:45
121,491,5.77,2023-11-17 17:27:07,0,20,230,552,97,1,23,3,254,1,1117.97,2024-11-04 08:10:53
122,343,381.33,2023-08-21 16:46:05,1,0,610,489,33,0,56,0,75,1,11835.35,2024-11-04 08:09:32
123,174,16.16,2023-10-16 16:59:36,1,25,448,180,64,0,50,0,124,1,14401.17,2024-11-04 08:11:59
124,279,486.08,2023-06-20 17:21:50,1,28,166,107,59,2,18,3,68,1,1748.69,2024-11-04 08:07:03
125,267,336.39,2023-01-16 16:53:38,1,35,409,312,2,1,21,3,18,1,1000.46,2024-11-04 08:09:57
126,379,234.57,2023-09-01 16:09:08,1,6,532,434,44,2,23,3,120,1,263.98,2024-11-04 08:08:47
127,397,6.0,2023-10-23 18:38:15,1,6,535,231,89,2,30,0,246,1,5442.76,2024-11-04 08:09:43
128,161,227.14,2023-07-03 17:42:08,1,5,422,285,56,0,18,3,294,1,341.94,2024-11-04 08:11:34
129,106,233.74,2023-10-24 16:41:00,0,28,577,581,29,2,66,2,17,1,1066.59,2024-11-04 08:11:17
130,391,113.02,2023-09-25 16:54:22,0,17,354,394,18,1,69,2,166,1,6077.96,2024-11-04 08:07:21
131,428,45.85,2023-02-16 17:57:10,1,20,235,188,84,0,20,3,92,1,1659.15,2024-11-04 08:07:24
132,328,415.5,2023-07-28 16:29:23,1,22,317,111,76,0,66,0,141,1,10113.66,2024-11-04 08:10:23
133,274,265.76,2023-02-06 17:48:55,1,30,155,382,48,2,54,2,92,1,4446.17,2024-11-04 08:12:18
134,70,69.4,2023-07-24 18:08:43,1,41,396,343,72,2,80,2,113,1,6452.77,2024-11-04 08:09:04
135,237,332.93,2023-11-20 16:29:48,0,0,528,43,38,1,35,1,293,1,2788.2,2024-11-04 08:08:14
136,298,267.9,2023-10-09 16:52:47,1,35,582,345,77,2,20,3,160,1,596.16,2024-11-04 08:08:34
137,436,496.03,2023-11-03 16:45:52,1,37,69,329,8,1,61,0,265,1,12904.66,2024-11-04 08:09:41
138,85,376.26,2023-02-15 16:41:11,1,40,462,546,80,0,37,1,245,1,9062.4,2024-11-04 08:09:58
139,171,83.02,2023-09-04 17:59:51,0,39,220,399,57,2,36,1,171,1,9009.56,2024-11-04 08:11:01
140,415,93.26,2023-07-27 16:22:52,0,27,419,235,91,2,20,3,72,1,1152.2,2024-11-04 08:12:04
141,109,803.37,2023-04-17 16:08:34,0,22,106,268,29,1,68,0,129,1,12168.37,2024-11-04 08:08:40
142,270,35.76,2023-09-19 17:38:18,1,5,653,37,56,1,23,3,122,1,611.86,2024-11-04 08:11:40
143,485,28.53,2023-05-31 16:37:39,1,42,299,342,34,2,62,0,99,1,8670.53,2024-11-04 08:06:30
144,374,139.53,2023-10-09 17:20:09,0,21,471,199,1,2,53,0,177,1,10098.86,2024-11-04 08:07:31
145,223,307.57,2023-01-09 16:12:01,1,11,75,78,48,1,33,0,285,1,5307.74,2024-11-04 08:06:33
146,252,60.65,2023-05-26 18:15:08,0,40,439,4,84,1,56,2,53,1,1047.28,2024-11-04 08:09:22
147,60,74.86,2023-08-14 17:43:17,1,26,113,179,27,1,70,0,125,1,6921.48,2024-11-04 08:07:39
148,377,117.97,2023-11-24 18:51:32,1,18,272,291,99,1,51,2,137,1,1475.46,2024-11-04 08:09:21
149,179,231.91,2023-01-31 18:31:22,1,22,356,183,43,0,34,1,165,1,112.76,2024-11-04 08:12:15
150,472,126.21,2023-02-14 16:07:01,1,3,0,113,0,1,75,2,268,1,5669.66,2024-11-04 08:08:42
151,199,304.35,2023-12-04 17:07:34,1,15,272,237,6,1,31,1,36,1,4057.1,2024-11-04 08:08:45
152,326,281.85,2023-05-16 17:26:37,1,11,146,352,12,0,22,3,109,1,1585.98,2024-11-04 08:07:38
153,468,777.88,2023-03-20 16:58:12,1,15,419,108,17,1,31,1,17,1,6825.55,2024-11-04 08:09:15
154,263,119.18,2023-08-25 18:01:38,1,20,298,508,92,1,56,2,96,1,5516.5,2024-11-04 08:07:34
155,242,177.19,2023-05-15 17:25:28,1,6,641,86,87,2,76,2,43,1,5343.3,2024-11-04 08:06:30
156,293,260.88,2023-05-29 16:50:10,1,10,314,242,93,1,22,3,36,1,903.05,2024-11-04 08:06:52
157,104,169.47,2023-03-22 16:10:14,1,6,60,69,45,2,24,3,19,1,1806.16,2024-11-04 08:07:37
158,33,73.23,2023-05-19 16:52:53,1,32,58,157,21,1,26,3,14,1,787.74,2024-11-04 08:11:12
159,268,792.57,2023-05-22 16:22:36,1,3,407,32,58,0,19,3,164,1,770.37,2024-11-04 08:10:39
160,154,237.06,2023-12-18 16:47:17,1,31,438,487,48,2,71,2,46,1,1182.77,2024-11-04 08:07:50
161,9,34.17,2023-11-21 16:57:43,0,30,35,226,90,2,54,1,54,1,726.55,2024-11-04 08:06:29
162,34,740.25,2023-07-19 17:03:58,1,30,29,0,9,2,41,0,123,1,14464.3,2024-11-04 08:08:27
163,147,453.54,2023-04-19 16:36:03,1,0,148,363,16,0,58,0,82,1,12046.3,2024-11-04 08:12:06
164,222,300.47,2023-11-13 16:11:52,1,17,263,159,64,1,73,2,100,1,7885.64,2024-11-04 08:08:00
165,75,110.93,2023-04-07 16:38:15,0,41,140,12,35,1,19,3,201,1,1952.35,2024-11-04 08:10:53
166,434,201.69,2023-01-03 16:46:36,1,19,601,271,18,0,59,0,299,1,7328.52,2024-11-04 08:10:16
167,316,399.21,2023-01-30 16:15:49,1,32,291,386,61,0,59,1,109,1,3210.39,2024-11-04 08:08:21
168,253,630.36,2023-03-02 16:11:53,1,23,89,302,83,0,62,2,52,1,1363.65,2024-11-04 08:12:15
169,130,10.94,2023-10-23 17:24:07,0,30,483,5,82,0,60,1,245,1,1241.99,2024-11-04 08:11:53
170,111,215.9,2023-01-04 16:02:09,1,20,397,132,82,0,38,0,235,1,7873.28,2024-11-04 08:10:23
171,97,226.37,2023-09-18 17:07:08,0,21,606,318,40,1,49,0,141,1,9840.04,2024-11-04 08:09:56
172,260,444.89,2023-09-11 16:27:39,0,19,169,428,59,1,43,0,101,1,10328.23,2024-11-04 08:11:50
173,45,280.57,2023-01-27 17:35:05,0,41,518,211,16,2,25,3,24,1,293.24,2024-11-04 08:10:24
174,4,488.54,2023-07-03 17:47:49,1,17,449,290,35,1,52,1,132,1,7486.63,2024-11-04 08:07:26
175,357,3.3,2023-03-27 16:42:16,0,20,209,59,84,1,50,0,131,1,11385.37,2024-11-04 08:10:11
176,420,199.39,2023-08-21 16:16:22,1,7,293,279,22,1,69,2,165,1,7264.79,2024-11-04 08:09:06
177,105,20.36,2023-07-24 17:02:18,1,40,81,581,68,1,62,2,75,1,2762.48,2024-11-04 08:11:15
178,232,113.64,2023-10-24 17:09:41,1,11,21,388,37,2,62,2,32,1,6675.03,2024-11-04 08:07:55
179,352,493.11,2023-07-31 16:25:26,1,7,226,400,21,1,53,2,236,1,7432.99,2024-11-04 08:08:01
180,111,307.41,2023-06-12 17:32:52,1,20,13,2,6,0,19,3,14,1,1057.0,2024-11-04 08:09:48
181,9,11.18,2023-11-30 16:52:42,1,1,127,172,16,2,43,0,161,1,5956.89,2024-11-04 08:10:20
182,492,313.82,2023-11-15 18:57:38,1,40,344,230,96,1,59,1,151,1,7261.59,2024-11-04 08:08:42
183,374,51.0,2023-01-30 16:00:38,1,39,194,274,62,1,64,2,107,1,4943.16,2024-11-04 08:08:23
184,446,140.98,2023-05-25 16:34:22,1,22,358,270,58,1,60,1,100,1,8127.48,2024-11-04 08:12:13
185,19,288.04,2023-08-24 16:47:21,1,10,560,316,91,0,68,2,63,1,1748.02,2024-11-04 08:10:00
186,178,800.55,2023-05-04 16:21:31,1,28,632,531,61,0,31,1,108,1,9660.22,2024-11-04 08:06:49
187,364,485.54,2023-02-06 17:46:59,1,15,567,111,60,0,46,1,143,1,6371.51,2024-11-04 08:11:46
188,447,521.15,2023-02-17 18:16:05,1,18,106,197,83,0,54,0,214,1,9442.47,2024-11-04 08:07:31
189,334,321.79,2023-08-07 17:30:33,0,33,517,553,55,0,63,2,61,1,5959.2,2024-11-04 08:10:01
190,244,304.93,2023-02-24 16:23:22,1,32,675,325,97,0,65,0,158,1,13531.22,2024-11-04 08:08:15
191,473,432.08,2023-07-31 16:04:55,1,12,72,418,43,0,40,0,145,1,11500.62,2024-11-04 08:11:46
192,296,694.2,2023-12-07 16:20:08,1,25,6,374,34,0,61,2,72,1,1389.37,2024-11-04 08:07:23
193,374,116.86,2023-03-20 18:28:48,1,21,511,238,87,0,55,1,171,1,6706.56,2024-11-04 08:12:15
194,128,386.81,2023-03-03 18:02:52,0,11,242,397,38,2,57,0,149,1,7175.29,2024-11-04 08:10:50
195,5,74.88,2023-05-24 16:25:50,1,1,137,178,25,0,25,3,202,1,420.67,2024-11-04 08:07:46
196,94,195.76,2023-05-22 16:17:19,1,30,497,61,55,1,75,2,99,1,7323.53,2024-11-04 08:09:48
197,106,134.7,2023-08-21 16:03:18,1,13,612,156,73,0,50,0,106,1,8395.85,2024-11-04 08:11:07
198,68,890.24,2023-07-07 18:03:43,0,19,217,378,28,2,33,1,161,1,5140.93,2024-11-04 08:07:32
199,411,361.27,2023-01-06 17:01:53,1,29,651,525,87,0,63,0,180,1,7945.57,2024-11-04 08:10:07
200,385,131.56,2023-10-19 16:42:37,1,5,198,375,13,1,44,0,42,1,5873.54,2024-11-04 08:07:12
201,408,485.51,2023-11-28 16:49:27,0,25,443,566,96,2,76,2,37,1,3074.45,2024-11-04 08:08:02
202,3,547.87,2023-07-10 17:15:27,1,8,179,251,63,0,64,2,131,1,6155.76,2024-11-04 08:10:31
203,45,457.3,2023-06-26 18:25:21,1,41,208,490,41,2,28,1,15,1,8318.29,2024-11-04 08:07:53
204,195,506.24,2023-01-13 16:44:26,1,6,303,97,76,0,58,1,64,1,230.09,2024-11-04 08:11:40
205,309,486.59,2023-12-19 16:55:17,1,16,28,79,16,1,57,2,119,1,2513.56,2024-11-04 08:10:02
206,209,163.68,2023-09-28 16:20:57,1,36,423,402,86,1,41,0,292,1,10090.05,2024-11-04 08:11:01
207,113,581.65,2023-01-09 16:54:58,1,4,641,537,8,0,22,3,176,1,480.19,2024-11-04 08:09:39
208,53,52.01,2023-11-07 16:46:04,1,23,627,228,18,0,48,0,85,1,1120.88,2024-11-04 08:11:27
209,421,630.24,2023-11-29 18:10:30,1,4,528,66,53,0,21,3,62,1,370.81,2024-11-04 08:11:52
210,395,523.74,2023-11-02 16:36:37,1,28,531,343,98,0,43,0,159,1,13498.55,2024-11-04 08:06:52
211,294,217.5,2023-10-23 18:54:48,0,10,466,13,42,1,46,1,35,1,3057.4,2024-11-04 08:06:58
212,339,91.48,2023-01-23 16:50:31,1,13,285,177,80,0,51,0,141,1,14942.78,2024-11-04 08:09:17
213,424,5.25,2023-11-13 18:26:24,1,38,549,575,9,0,39,0,49,1,14143.32,2024-11-04 08:12:22
214,172,54.03,2023-09-19 17:16:46,0,25,499,182,86,0,56,2,161,1,6736.3,2024-11-04 08:07:36
215,174,736.73,2023-11-27 16:05:27,1,22,163,23,36,1,48,1,10,1,3313.07,2024-11-04 08:10:54
216,222,368.91,2023-03-10 17:49:57,1,41,215,349,81,1,54,0,14,1,829.71,2024-11-04 08:10:28
217,388,33.06,2023-01-17 16:03:41,0,13,400,492,44,2,53,2,170,1,1540.87,2024-11-04 08:06:43
218,25,66.5,2023-05-04 16:44:56,0,21,402,84,97,2,32,1,144,1,6820.23,2024-11-04 08:08:06
219,74,177.08,2023-01-06 17:16:44,1,19,433,225,13,2,35,0,85,1,13475.14,2024-11-04 08:12:21
220,212,588.54,2023-02-06 17:57:28,1,32,586,334,30,1,32,1,130,1,714.45,2024-11-04 08:10:37
221,199,173.5,2023-10-23 17:16:20,1,26,229,390,51,0,21,3,282,1,1306.91,2024-11-04 08:11:52
222,394,78.33,2023-07-31 16:13:12,0,22,186,552,68,2,56,1,189,1,7255.33,2024-11-04 08:08:18
223,3,40.66,2024-01-01 16:08:49,1,21,208,140,60,1,59,2,156,1,1153.84,2024-11-04 08:11:28
224,255,97.22,2023-02-20 17:30:19,0,1,487,251,62,1,77,2,55,1,6647.73,2024-11-04 08:11:17
225,409,34.07,2023-11-06 17:22:58,1,30,155,379,79,1,22,3,81,1,8709.77,2024-11-04 08:07:21
226,332,492.06,2023-10-19 16:14:15,1,14,394,483,11,2,23,3,74,1,857.9,2024-11-04 08:09:56
227,248,842.01,2023-09-12 16:43:27,0,41,204,488,14,2,53,0,185,1,509.45,2024-11-04 08:08:33
228,124,73.55,2023-01-09 16:09:48,1,1,205,283,85,0,51,1,158,1,2812.06,2024-11-04 08:11:21
229,299,760.53,2023-09-04 18:13:25,1,31,626,226,4,2,57,1,118,1,6179.91,2024-11-04 08:09:35
230,464,273.08,2023-01-30 16:09:08,0,15,514,145,6,1,26,1,134,1,6609.3,2024-11-04 08:07:57
231,39,371.69,2023-12-22 16:27:49,1,37,358,74,19,1,67,2,143,1,3484.32,2024-11-04 08:09:59
232,436,218.96,2023-08-30 16:11:47,1,39,535,459,20,0,18,3,13,1,754.21,2024-11-04 08:10:35
233,424,227.39,2023-12-25 16:58:19,1,1,202,581,9,2,18,3,65,1,751.09,2024-11-04 08:11:36
234,253,237.99,2023-05-08 16:45:11,0,18,542,206,42,1,39,0,86,1,8510.09,2024-11-04 08:11:36
235,71,186.6,2023-07-04 16:27:23,1,42,147,457,36,2,58,0,13,1,1508.72,2024-11-04 08:06:24
236,424,341.15,2023-02-13 17:18:15,1,38,436,481,41,2,18,3,148,1,511.37,2024-11-04 08:10:09
237,357,434.58,2023-09-06 16:28:38,1,22,134,537,90,0,59,0,215,1,12648.32,2024-11-04 08:08:15
238,302,312.88,2023-05-26 18:12:50,0,32,483,304,39,1,54,1,44,1,233.21,2024-11-04 08:07:23
239,83,75.15,2023-09-18 17:31:23,1,4,13,95,93,0,23,3,154,1,1092.92,2024-11-04 08:11:00
240,442,23.3,2023-08-14 18:13:38,1,20,368,36,60,0,59,1,161,1,6711.15,2024-11-04 08:08:06
241,191,47.38,2023-02-08 18:18:07,0,39,371,145,60,2,25,3,61,1,459.37,2024-11-04 08:07:05
242,314,512.81,2023-07-19 16:57:01,1,34,588,545,3,1,79,2,30,1,6994.34,2024-11-04 08:11:58
243,360,488.15,2023-07-31 16:01:00,1,21,250,538,97,1,43,1,168,1,7071.09,2024-11-04 08:11:13
244,333,12.82,2023-04-05 18:37:10,1,13,463,150,54,0,44,1,156,1,9045.19,2024-11-04 08:08:25
245,418,535.91,2023-07-07 16:38:12,1,19,561,17,96,2,43,1,22,1,9642.12,2024-11-04 08:10:49
246,145,270.72,2023-07-03 18:01:00,0,42,488,373,93,2,26,1,53,1,6263.96,2024-11-04 08:11:05
247,168,97.98,2023-02-06 16:09:48,1,10,452,332,32,1,72,2,18,1,7460.33,2024-11-04 08:08:43
248,22,196.08,2023-08-25 16:52:28,1,37,598,292,87,2,61,2,98,1,4233.82,2024-11-04 08:06:31
249,258,251.18,2023-06-01 16:51:11,1,38,55,93,57,0,42,1,246,1,8303.9,2024-11-04 08:07:55
250,417,44.52,2023-03-28 18:30:25,1,12,593,560,80,2,28,3,205,1,314.28,2024-11-04 08:10:28
251,449,178.87,2023-05-23 16:03:54,1,3,638,94,0,2,35,0,180,1,5241.23,2024-11-04 08:10:16
252,53,386.68,2023-10-31 16:48:01,1,27,436,320,18,1,46,0,128,1,6863.06,2024-11-04 08:06:28
253,397,167.14,2023-04-24 18:33:29,1,10,225,77,48,2,76,2,20,1,3877.73,2024-11-04 08:06:26
254,217,345.22,2023-09-05 16:55:47,1,14,211,191,24,1,69,2,253,1,4046.58,2024-11-04 08:07:36
255,8,74.85,2023-12-25 17:19:08,1,33,506,267,90,0,72,2,117,1,2409.73,2024-11-04 08:11:49
256,439,671.73,2023-10-16 16:15:54,1,42,616,40,70,1,58,1,54,1,5211.88,2024-11-04 08:12:04
257,131,255.04,2023-11-23 16:15:59,1,39,201,587,83,0,45,1,152,1,6217.86,2024-11-04 08:11:38
258,356,45.77,2023-02-09 17:50:23,1,30,465,551,65,2,25,3,109,1,5978.12,2024-11-04 08:08:01
259,25,329.69,2023-01-09 16:54:30,0,35,269,130,87,2,26,3,66,1,1671.66,2024-11-04 08:09:49
260,445,11.92,2023-10-09 17:48:55,1,36,653,270,62,1,53,0,52,1,14611.9,2024-11-04 08:11:22
261,31,47.42,2023-12-19 16:46:08,1,36,243,423,11,0,64,0,28,1,8253.52,2024-11-04 08:08:56
262,85,35.99,2023-01-19 16:14:12,1,24,261,186,22,1,63,2,129,1,4489.79,2024-11-04 08:09:17
263,157,151.19,2023-05-05 16:04:36,0,27,633,347,60,1,37,0,96,1,11903.82,2024-11-04 08:11:16
264,174,242.62,2023-07-10 16:40:15,0,37,319,107,93,2,22,3,234,1,483.02,2024-11-04 08:07:09
265,91,48.72,2023-09-29 18:54:28,1,41,546,167,62,1,21,3,17,1,816.08,2024-11-04 08:07:27
266,421,43.46,2023-07-21 17:02:42,1,4,255,325,19,0,25,3,80,1,578.06,2024-11-04 08:10:45
267,186,443.79,2023-10-09 18:28:04,1,19,390,291,98,0,53,2,87,1,3133.85,2024-11-04 08:11:16
268,488,365.14,2023-12-01 18:46:28,1,9,615,219,1,2,68,2,57,1,5894.09,2024-11-04 08:07:25
269,146,757.41,2023-05-05 16:31:53,1,20,366,77,47,0,22,3,37,1,9532.42,2024-11-04 08:09:03
270,267,20.54,2023-08-21 18:09:24,1,13,335,214,54,1,51,1,72,1,5327.03,2024-11-04 08:07:28
271,375,475.36,2023-10-02 16:03:09,1,31,520,88,17,0,34,1,105,1,2000.6,2024-11-04 08:06:59
272,108,34.74,2023-06-26 16:40:21,1,37,308,546,71,0,56,2,24,1,6827.57,2024-11-04 08:11:03
273,488,689.54,2023-03-06 16:46:57,1,28,378,562,37,1,27,3,93,1,1633.76,2024-11-04 08:08:53
274,33,211.18,2023-10-16 16:09:47,1,42,411,496,58,0,73,2,90,1,4069.17,2024-11-04 08:11:50
275,117,211.36,2023-11-21 16:23:41,0,13,675,492,40,1,51,1,286,1,7943.47,2024-11-04 08:11:10
276,481,744.41,2023-07-31 16:35:59,0,15,113,369,94,2,39,1,107,1,8842.47,2024-11-04 08:11:27
277,460,61.43,2023-06-29 16:16:37,1,31,83,110,34,2,24,3,170,1,1882.77,2024-11-04 08:08:18
278,482,167.44,2023-09-25 16:11:18,1,23,464,197,86,1,37,0,82,1,12526.71,2024-11-04 08:10:49
279,301,361.46,2023-04-07 17:23:05,1,26,165,215,92,2,21,3,83,1,4737.84,2024-11-04 08:10:42
280,425,378.85,2023-06-16 17:21:15,1,41,42,270,88,1,78,2,126,1,2300.53,2024-11-04 08:09:07
281,229,241.11,2023-06-16 16:41:23,1,8,426,280,62,1,30,0,55,1,12385.05,2024-11-04 08:10:49
282,383,131.93,2023-09-11 17:31:10,0,13,239,345,48,1,31,1,13,1,4547.06,2024-11-04 08:06:50
283,65,20.28,2023-07-19 17:42:38,1,28,563,147,46,2,36,1,213,1,2047.83,2024-11-04 08:10:02
284,295,415.88,2023-04-27 17:30:16,1,36,144,149,4,1,70,0,170,1,10008.33,2024-11-04 08:08:01
285,380,49.99,2023-02-09 17:53:59,1,29,643,154,61,0,62,2,139,1,2299.64,2024-11-04 08:08:15
286,216,100.66,2023-06-16 18:58:50,1,9,491,554,23,1,50,0,144,1,14473.33,2024-11-04 08:11:54
287,439,485.54,2023-12-08 16:47:48,1,21,330,71,79,2,19,3,148,1,1533.32,2024-11-04 08:11:09
288,365,321.15,2023-02-10 17:06:40,1,20,149,301,36,1,46,0,179,1,7005.05,2024-11-04 08:06:33
289,162,711.3,2023-06-26 18:57:37,1,38,559,27,75,1,21,3,51,1,955.4,2024-11-04 08:09:32
290,197,12.23,2023-10-12 16:02:13,1,15,173,366,64,0,42,1,139,1,7844.88,2024-11-04 08:07:29
291,305,350.94,2023-10-30 17:17:51,1,7,152,8,12,0,20,3,64,1,221.56,2024-11-04 08:10:35
292,104,301.85,2023-04-18 17:43:50,1,8,416,465,61,2,54,1,25,1,6586.19,2024-11-04 08:10:05
293,438,29.34,2023-03-09 17:37:08,1,21,28,419,86,2,65,2,30,1,3944.82,2024-11-04 08:11:42
294,435,231.71,2023-04-24 17:01:08,1,33,303,371,59,1,27,3,148,1,1127.98,2024-11-04 08:07:02
295,295,179.43,2023-08-11 18:20:48,1,28,404,256,3,0,58,2,244,1,2626.63,2024-11-04 08:10:00
296,191,36.71,2023-01-30 17:11:53,1,17,646,197,94,1,48,0,55,1,6459.38,2024-11-04 08:11:44
297,243,138.12,2023-04-11 17:18:50,0,20,178,434,66,1,53,0,281,1,1649.69,2024-11-04 08:11:23
298,281,233.24,2023-04-17 16:56:06,1,21,338,435,69,0,33,1,72,1,6939.23,2024-11-04 08:07:39
299,47,609.14,2023-11-23 16:09:39,1,40,218,303,85,0,39,1,177,1,9033.87,2024-11-04 08:11:33
300,465,436.64,2023-12-25 17:46:24,1,20,658,411,32,1,31,0,111,1,14365.18,2024-11-04 08:08:23
301,428,870.43,2023-05-31 16:54:20,1,20,410,228,36,1,29,0,55,1,10115.18,2024-11-04 08:07:52
302,259,354.4,2023-11-06 17:23:08,1,6,399,556,45,0,74,2,128,1,7358.65,2024-11-04 08:10:00
303,311,22.63,2023-02-20 17:28:15,1,18,468,192,51,2,53,1,112,1,4438.03,2024-11-04 08:10:56
304,85,182.19,2023-06-19 16:36:25,1,23,99,163,6,1,26,3,53,1,1176.1,2024-11-04 08:06:27
305,138,126.81,2023-10-30 16:58:01,1,30,668,471,35,1,26,1,290,1,5427.98,2024-11-04 08:12:22
306,412,288.17,2023-09-08 16:48:51,1,41,382,120,11,2,37,1,50,1,3653.11,2024-11-04 08:10:16
307,184,118.77,2023-10-02 17:44:05,1,1,299,17,65,1,55,1,123,1,2104.82,2024-11-04 08:10:29
308,75,651.82,2023-04-14 17:59:43,1,16,271,104,93,0,21,3,166,1,1802.77,2024-11-04 08:07:02
309,139,66.65,2023-10-17 16:58:59,1,11,381,69,99,0,37,1,33,1,3559.96,2024-11-04 08:11:00
310,327,98.53,2023-01-16 16:31:48,1,10,659,61,84,1,69,2,166,1,3564.8,2024-11-04 08:11:19
311,433,138.95,2023-06-02 16:48:43,1,42,650,15,89,2,71,2,30,1,6752.92,2024-11-04 08:08:37
312,53,33.89,2023-11-10 16:10:34,1,26,566,109,78,1,26,3,177,1,1444.75,2024-11-04 08:11:36
313,294,23.71,2023-09-18 16:04:52,1,1,275,297,4,1,58,0,164,1,10788.89,2024-11-04 08:09:16
314,168,26.06,2023-12-21 17:01:24,1,36,664,111,95,0,65,0,283,1,12893.63,2024-11-04 08:12:00
315,486,17.07,2023-05-01 17:17:12,1,20,574,440,22,1,27,1,44,1,2798.15,2024-11-04 08:11:25
316,228,703.89,2023-09-22 16:42:15,1,35,455,441,73,2,46,1,62,1,3583.67,2024-11-04 08:06:44
317,436,26.55,2023-09-20 17:25:26,1,15,110,566,98,0,77,2,228,1,3085.38,2024-11-04 08:07:23
318,369,147.4,2023-06-09 16:10:51,1,38,274,568,66,1,42,1,259,1,6797.71,2024-11-04 08:07:18
319,32,202.11,2023-03-30 16:09:26,1,22,71,478,4,0,27,3,18,1,746.47,2024-11-04 08:10:01
320,370,308.42,2023-05-02 16:14:22,1,26,267,519,76,1,75,2,39,1,5427.81,2024-11-04 08:06:34
321,28,11.18,2023-02-27 16:39:28,1,24,586,225,34,0,53,1,144,1,7467.3,2024-11-04 08:10:57
322,38,294.15,2023-02-02 16:19:31,1,14,484,42,19,2,38,1,136,1,6362.16,2024-11-04 08:07:20
323,476,29.58,2023-10-30 17:54:19,1,7,224,220,65,1,54,1,121,1,8345.26,2024-11-04 08:11:01
324,359,139.45,2023-07-10 16:43:05,1,4,137,523,3,2,27,3,31,1,1305.76,2024-11-04 08:10:08
325,335,432.63,2023-06-30 17:10:38,1,7,451,57,23,0,29,0,137,1,13648.36,2024-11-04 08:10:24
326,343,131.43,2023-02-01 18:47:20,1,5,374,523,52,2,43,0,65,1,1337.5,2024-11-04 08:12:12
327,368,516.72,2023-10-09 18:43:04,1,23,469,286,24,0,42,1,128,1,2015.69,2024-11-04 08:11:35
328,453,374.5,2023-07-24 16:45:31,0,37,44,563,1,1,26,3,178,1,1671.51,2024-11-04 08:08:37
329,326,166.13,2023-09-06 17:01:50,1,29,455,379,12,0,68,0,227,1,11822.53,2024-11-04 08:12:08
330,163,626.9,2023-10-10 16:42:09,1,6,661,474,16,0,23,3,146,1,587.11,2024-11-04 08:11:30
331,391,466.85,2023-07-17 16:57:14,1,2,15,97,6,1,56,2,165,1,5422.53,2024-11-04 08:09:35
332,189,788.84,2023-05-17 17:00:34,1,31,385,415,54,2,58,2,231,1,1913.73,2024-11-04 08:09:42
333,61,873.65,2023-03-23 16:38:40,0,28,397,339,49,2,37,0,59,1,12139.83,2024-11-04 08:09:57
334,472,525.28,2023-04-03 16:37:24,1,7,543,511,10,0,69,2,134,1,4693.6,2024-11-04 08:09:39
335,267,110.17,2023-09-07 16:08:12,1,33,45,161,53,0,30,1,137,1,464.2,2024-11-04 08:12:11
336,90,632.69,2023-09-12 16:28:38,1,10,438,334,46,0,80,2,76,1,4363.74,2024-11-04 08:09:26
337,327,124.35,2023-12-08 16:39:15,1,28,81,447,14,0,72,2,90,1,3319.76,2024-11-04 08:11:35
338,85,43.85,2023-03-13 16:25:34,1,14,90,60,12,0,62,2,122,1,4356.98,2024-11-04 08:07:18
339,322,283.81,2023-03-09 16:31:54,1,36,351,495,45,1,28,3,29,1,1519.35,2024-11-04 08:10:46
340,264,168.53,2023-06-14 16:30:42,1,37,579,164,99,0,71,2,112,1,5962.58,2024-11-04 08:12:09
341,174,218.59,2023-11-27 16:43:28,0,10,3,514,87,1,40,1,123,1,6699.23,2024-11-04 08:07:12
342,317,132.84,2023-08-21 16:28:17,1,28,238,131,59,0,21,3,143,1,822.73,2024-11-04 08:08:40
343,67,157.37,2023-11-15 16:54:44,0,9,0,502,13,1,42,0,289,1,13964.31,2024-11-04 08:10:30
344,259,144.77,2023-07-17 16:48:23,1,0,189,470,6,2,20,3,159,1,867.32,2024-11-04 08:10:54
345,13,643.22,2023-05-03 17:04:32,1,1,242,222,72,0,64,0,93,1,1035.86,2024-11-04 08:07:46
346,129,208.07,2023-07-10 16:51:12,1,28,83,164,99,2,32,0,36,1,8478.9,2024-11-04 08:11:43
347,228,94.3,2023-12-25 17:53:56,1,31,429,291,41,1,57,0,57,1,11088.95,2024-11-04 08:08:14
348,404,295.5,2023-11-23 18:00:00,1,23,428,102,94,0,59,2,36,1,6280.66,2024-11-04 08:07:08
349,481,30.23,2023-11-06 17:53:25,1,2,389,94,48,0,44,0,99,1,481.13,2024-11-04 08:12:06
350,324,112.05,2023-10-26 16:16:12,0,31,153,59,77,0,26,3,159,1,1122.88,2024-11-04 08:08:31
351,20,180.24,2023-07-03 17:03:48,1,31,104,207,97,1,58,1,144,1,8431.23,2024-11-04 08:09:17
352,185,13.71,2023-05-30 17:54:22,0,10,464,257,83,2,38,1,148,1,8342.79,2024-11-04 08:11:17
353,336,96.54,2023-03-13 17:26:17,1,27,370,506,19,1,58,2,95,1,7182.22,2024-11-04 08:10:31
354,88,79.35,2023-05-29 17:02:32,1,20,268,178,50,2,67,2,70,1,1692.15,2024-11-04 08:09:48
355,450,101.04,2023-07-10 18:16:07,1,35,19,120,66,0,27,3,160,1,1695.57,2024-11-04 08:06:43
356,317,74.42,2023-11-23 17:23:16,1,12,264,520,2,2,49,1,68,1,6264.21,2024-11-04 08:11:23
357,133,39.66,2023-05-18 16:16:53,1,41,655,300,44,1,52,1,169,1,8497.34,2024-11-04 08:07:20
358,274,99.36,2023-05-09 16:55:54,1,39,18,572,3,0,40,0,46,1,1272.12,2024-11-04 08:09:15
359,207,123.85,2023-08-25 18:47:28,1,19,265,18,46,2,56,1,244,1,3959.62,2024-11-04 08:06:36
360,246,426.93,2023-12-25 17:05:00,1,29,127,384,53,0,19,3,248,1,476.19,2024-11-04 08:09:12
361,114,133.73,2023-05-16 16:21:42,0,38,639,549,0,2,25,3,123,1,1872.22,2024-11-04 08:09:22
362,129,222.39,2023-08-23 16:32:59,1,41,7,233,87,2,49,1,73,1,3117.39,2024-11-04 08:10:52
363,260,215.94,2023-06-05 16:06:43,0,41,36,462,20,2,22,3,140,1,1841.69,2024-11-04 08:10:45
364,405,826.23,2023-05-31 16:25:19,1,7,55,151,41,0,29,0,209,1,7580.59,2024-11-04 08:07:32
365,37,416.37,2023-10-11 16:14:28,1,8,661,290,14,2,35,1,67,1,7936.91,2024-11-04 08:08:50
366,288,131.46,2023-05-15 16:37:12,1,5,278,130,5,1,67,2,258,1,6642.33,2024-11-04 08:11:30
367,301,202.86,2023-05-22 17:24:46,0,22,567,574,87,1,61,0,149,1,7642.25,2024-11-04 08:08:54
368,280,268.39,2023-06-26 18:25:14,1,24,14,499,16,0,26,3,171,1,136.74,2024-11-04 08:06:40
369,126,137.35,2023-03-29 18:12:17,0,34,50,407,27,2,40,0,220,1,12662.66,2024-11-04 08:10:23
370,287,712.75,2023-05-26 17:07:56,1,30,551,470,73,1,44,0,25,1,8126.06,2024-11-04 08:09:52
371,19,353.82,2023-04-10 17:57:59,1,25,42,513,34,0,42,0,143,1,705.75,2024-11-04 08:06:40
372,225,507.25,2023-10-30 17:21:38,1,42,647,38,62,1,73,2,143,1,5331.57,2024-11-04 08:11:10
373,51,212.74,2023-12-14 18:53:34,1,39,108,357,49,1,27,1,128,1,7645.47,2024-11-04 08:07:49
374,395,364.42,2023-10-10 17:07:27,1,7,451,70,77,0,51,1,146,1,8119.73,2024-11-04 08:09:16
375,205,195.12,2023-07-25 17:42:45,1,21,580,293,42,0,46,0,144,1,6101.15,2024-11-04 08:10:40
376,174,230.61,2023-09-04 16:41:19,1,33,82,585,75,1,80,2,204,1,2561.42,2024-11-04 08:09:46
377,134,739.28,2023-06-19 16:46:11,0,40,554,298,25,1,58,0,47,1,11905.64,2024-11-04 08:11:13
378,28,390.35,2023-09-26 18:36:46,0,29,265,12,18,0,64,0,61,1,7095.88,2024-11-04 08:10:01
379,207,242.03,2023-03-13 16:08:41,1,9,582,355,13,2,58,1,124,1,4382.73,2024-11-04 08:07:12
380,415,242.39,2023-11-20 16:29:28,0,35,434,371,7,0,18,3,271,1,1328.73,2024-11-04 08:06:48
381,394,135.03,2023-02-24 17:00:26,1,37,28,518,96,0,23,3,180,1,1278.0,2024-11-04 08:08:18
382,296,193.54,2023-10-24 16:43:03,1,28,148,284,87,1,80,2,267,1,2929.51,2024-11-04 08:08:26
383,428,617.36,2023-11-21 17:05:17,1,18,135,426,34,1,29,1,61,1,8926.38,2024-11-04 08:09:23
384,269,775.23,2023-08-07 16:40:02,0,0,214,39,35,2,59,0,38,1,5977.59,2024-11-04 08:07:01
385,359,266.57,2023-09-26 17:07:06,1,12,217,566,30,0,72,2,100,1,7676.92,2024-11-04 08:09:17
386,474,153.4,2023-03-31 17:36:57,1,23,576,187,56,0,45,1,144,1,4657.7,2024-11-04 08:08:08
387,230,5.12,2023-10-13 16:08:26,1,27,635,251,1,1,34,1,90,1,3293.01,2024-11-04 08:10:31
388,328,119.11,2023-06-30 16:31:46,1,11,77,299,69,0,57,1,131,1,7998.25,2024-11-04 08:09:48
389,262,119.72,2023-02-03 18:15:15,1,40,428,134,10,1,30,1,123,1,3435.34,2024-11-04 08:10:20
390,483,107.4,2023-06-22 16:47:47,1,41,262,130,78,2,58,0,32,1,344.07,2024-11-04 08:08:03
391,225,115.92,2023-01-17 18:42:28,1,33,369,314,32,0,53,2,57,1,3897.17,2024-11-04 08:09:02
392,193,438.04,2023-08-24 18:54:06,1,30,669,537,24,0,67,2,247,1,5358.95,2024-11-04 08:06:33
393,179,677.29,2023-05-01 18:28:00,1,15,15,445,14,2,27,1,287,1,627.79,2024-11-04 08:07:16
394,351,296.0,2023-05-15 16:25:29,1,19,598,393,84,1,35,0,248,1,7418.82,2024-11-04 08:06:54
395,437,299.09,2023-01-16 16:14:45,0,4,520,43,33,1,36,1,84,1,5615.26,2024-11-04 08:08:01
396,492,461.52,2023-05-15 16:40:24,0,10,645,475,67,1,24,3,44,1,1995.18,2024-11-04 08:08:53
397,280,100.52,2023-01-30 17:28:00,1,19,138,43,37,0,50,1,110,1,453.39,2024-11-04 08:11:28
398,469,85.35,2023-07-05 16:08:25,1,42,494,10,73,0,66,2,166,1,2173.76,2024-11-04 08:06:25
399,214,79.76,2023-02-06 16:26:29,1,33,259,163,54,1,39,1,170,1,6452.14,2024-11-04 08:09:34
400,446,778.49,2023-07-03 16:48:21,0,29,100,183,53,2,75,2,107,1,7713.67,2024-11-04 08:09:21
401,351,386.38,2023-01-24 16:00:14,1,31,444,310,57,2,42,1,135,1,5528.36,2024-11-04 08:10:06
402,78,165.25,2023-11-24 17:11:27,1,34,122,511,24,2,35,0,106,1,9939.94,2024-11-04 08:11:35
403,486,14.29,2023-02-28 16:28:25,1,20,305,564,69,0,34,1,150,1,7016.99,2024-11-04 08:08:52
404,414,232.79,2023-09-20 17:36:06,0,16,157,480,18,1,55,2,145,1,2661.3,2024-11-04 08:11:40
405,345,92.29,2023-02-15 16:17:59,1,0,256,328,14,1,54,1,115,1,2026.32,2024-11-04 08:11:25
406,68,293.97,2023-11-13 17:34:15,1,31,427,468,46,1,68,2,153,1,7371.85,2024-11-04 08:08:57
407,268,136.32,2023-10-11 18:50:24,1,24,528,347,59,2,19,3,113,1,264.83,2024-11-04 08:09:24
408,275,251.06,2023-12-06 17:27:14,1,7,570,282,2,2,36,0,34,1,10001.66,2024-11-04 08:10:13
409,474,50.17,2023-09-18 16:57:44,0,34,529,370,38,0,77,2,35,1,7752.14,2024-11-04 08:10:59
410,120,21.4,2023-12-26 16:07:28,1,14,517,289,26,1,34,1,258,1,9594.11,2024-11-04 08:11:40
411,70,73.28,2023-03-10 17:33:12,1,4,135,319,95,1,21,3,21,1,1329.41,2024-11-04 08:10:57
412,91,70.23,2023-09-13 16:18:07,1,22,283,128,65,0,38,0,260,1,11624.93,2024-11-04 08:07:16
413,401,689.29,2023-01-06 17:30:07,1,12,277,196,33,0,22,3,100,1,168.84,2024-11-04 08:07:49
414,488,745.03,2023-08-03 17:42:02,1,13,30,387,74,2,28,3,231,1,160.57,2024-11-04 08:09:15
415,117,54.61,2023-12-04 16:10:04,1,25,78,413,42,0,58,1,160,1,7135.64,2024-11-04 08:07:19
416,266,54.05,2023-04-25 16:53:22,1,21,357,199,7,1,27,3,146,1,469.14,2024-11-04 08:11:34
417,230,107.47,2023-04-12 17:39:29,1,2,583,478,36,2,67,2,144,1,7517.5,2024-11-04 08:12:09
418,302,219.63,2023-11-10 16:06:27,1,5,214,128,1,0,48,0,44,1,8013.63,2024-11-04 08:07:29
419,428,188.7,2023-02-10 16:01:04,1,27,481,464,98,1,54,2,123,1,5077.06,2024-11-04 08:09:59
420,285,93.52,2023-08-14 17:41:24,1,30,413,264,10,2,51,1,97,1,2791.2,2024-11-04 08:08:04
421,20,275.92,2023-09-18 18:47:52,0,26,303,38,41,1,62,2,107,1,1777.38,2024-11-04 08:07:39
422,492,376.79,2023-01-30 17:47:18,1,25,236,120,38,1,68,2,265,1,7749.14,2024-11-04 08:08:44
423,146,8.98,2023-08-21 16:07:13,1,11,223,252,62,2,66,2,56,1,4516.76,2024-11-04 08:10:53
424,197,697.32,2023-05-11 16:30:04,1,1,268,189,79,2,68,2,91,1,2016.02,2024-11-04 08:11:18
425,72,17.45,2023-09-13 16:41:19,1,29,605,378,58,0,18,3,88,1,1959.52,2024-11-04 08:09:39
426,179,442.74,2023-10-16 17:47:41,1,36,542,116,18,1,23,3,136,1,1790.27,2024-11-04 08:09:45
427,174,623.9,2023-08-08 17:44:21,1,38,158,319,4,0,27,3,249,1,711.47,2024-11-04 08:10:15
428,295,63.41,2023-11-24 17:29:06,1,13,114,116,34,0,26,3,36,1,1546.22,2024-11-04 08:07:15
429,215,346.85,2023-11-03 18:33:50,1,18,126,81,24,0,44,0,88,1,7208.15,2024-11-04 08:10:25
430,34,71.95,2023-02-13 16:39:52,0,29,393,187,99,2,59,1,53,1,9267.32,2024-11-04 08:06:23
431,365,7.5,2023-02-17 16:08:54,1,9,177,310,53,2,63,2,36,1,6485.78,2024-11-04 08:11:28
432,392,206.46,2023-11-27 18:26:02,1,41,595,31,12,0,65,2,279,1,3984.38,2024-11-04 08:06:44
433,210,423.11,2023-07-25 18:41:02,1,8,111,495,54,0,60,1,47,1,412.78,2024-11-04 08:10:58
434,458,35.84,2023-03-28 17:23:54,0,7,405,403,12,2,54,2,172,1,4795.65,2024-11-04 08:10:57
435,216,88.6,2023-02-14 17:01:44,0,33,386,212,53,1,28,3,105,1,246.57,2024-11-04 08:08:47
436,52,22.46,2023-05-17 16:03:51,1,27,579,132,86,2,54,2,78,1,6631.5,2024-11-04 08:07:46
437,386,334.89,2023-07-20 18:23:13,1,13,672,390,39,2,21,3,260,1,1661.68,2024-11-04 08:08:44
438,344,319.27,2023-07-20 16:58:05,0,29,440,341,67,2,54,2,59,1,5504.01,2024-11-04 08:06:35
439,301,144.3,2023-12-08 17:24:44,1,28,96,575,48,0,18,3,88,1,312.19,2024-11-04 08:10:39
440,225,348.7,2023-05-02 17:13:45,0,14,171,119,66,1,69,2,149,1,2445.58,2024-11-04 08:06:58
441,146,366.21,2023-01-12 17:57:06,1,28,464,329,51,0,62,0,181,1,10862.99,2024-11-04 08:11:36
442,300,99.11,2023-05-01 16:58:41,1,30,190,426,14,2,55,2,12,1,5414.87,2024-11-04 08:09:35
443,324,539.35,2023-05-22 17:34:50,1,25,50,345,1,0,55,2,127,1,3919.44,2024-11-04 08:11:49
444,394,188.99,2023-06-08 16:43:06,1,28,531,300,64,1,58,1,92,1,7315.34,2024-11-04 08:07:32
445,126,710.14,2023-03-08 16:20:43,1,12,642,548,58,0,26,3,227,1,465.63,2024-11-04 08:12:20
446,457,308.68,2023-02-27 17:14:10,1,25,374,554,63,2,53,0,170,1,9992.36,2024-11-04 08:10:16
447,251,166.68,2023-03-27 18:47:56,1,23,128,249,7,0,57,2,139,1,5141.19,2024-11-04 08:12:19
448,164,0.99,2023-09-13 16:55:14,1,20,483,247,28,0,45,1,133,1,4317.85,2024-11-04 08:09:12
449,210,66.58,2023-12-04 17:06:43,1,33,402,298,39,1,23,3,79,1,1636.32,2024-11-04 08:08:48
450,73,223.43,2023-02-08 17:59:42,1,9,93,292,90,1,77,2,178,1,7932.41,2024-11-04 08:09:38
451,491,659.95,2023-09-20 16:59:45,1,11,640,578,43,2,60,1,114,1,3927.69,2024-11-04 08:06:26
452,37,634.86,2023-08-10 16:28:55,1,6,149,73,8,0,27,3,45,1,588.5,2024-11-04 08:08:00
453,112,286.5,2023-10-23 16:58:04,0,4,579,169,96,1,30,1,60,1,8517.95,2024-11-04 08:09:17
454,321,322.96,2023-11-27 16:21:20,0,30,266,95,32,1,76,2,168,1,2401.59,2024-11-04 08:11:24
455,444,654.48,2023-08-07 16:37:06,1,8,268,137,46,1,19,3,114,1,6776.41,2024-11-04 08:10:17
456,320,157.97,2023-06-21 16:00:51,1,30,610,561,8,1,48,0,140,1,5529.92,2024-11-04 08:10:06
457,427,120.9,2023-07-12 16:17:27,1,40,190,300,73,1,40,0,52,1,9009.42,2024-11-04 08:08:19
458,279,254.77,2023-01-18 16:47:29,1,10,210,169,30,1,57,1,57,1,5994.87,2024-11-04 08:07:07
459,101,795.96,2023-09-28 17:53:43,1,33,274,463,13,2,65,2,119,1,5468.58,2024-11-04 08:08:26
460,78,149.25,2023-04-10 16:38:45,1,29,581,385,66,0,39,1,142,1,5677.52,2024-11-04 08:07:41
461,50,3.42,2023-09-25 16:14:35,0,35,465,148,91,2,43,0,158,1,14180.21,2024-11-04 08:08:48
462,93,68.19,2023-03-14 16:07:32,0,14,567,92,25,2,40,0,189,1,9895.1,2024-11-04 08:07:50
463,322,493.42,2023-06-14 17:21:32,1,3,456,378,38,1,39,1,111,1,2232.84,2024-11-04 08:10:01
464,484,37.57,2023-04-26 18:35:50,1,12,405,218,47,0,57,2,42,1,7739.54,2024-11-04 08:09:21
465,261,96.89,2023-03-16 16:02:01,1,34,285,98,4,0,59,2,53,1,6044.93,2024-11-04 08:11:06
466,165,448.33,2023-05-01 16:11:56,1,1,435,117,30,0,25,3,161,1,922.19,2024-11-04 08:09:44
467,11,8.65,2023-06-05 17:08:37,1,19,298,300,36,2,48,0,273,1,10778.35,2024-11-04 08:09:03
468,463,65.57,2023-04-06 17:24:16,1,24,624,0,38,2,41,1,82,1,7513.79,2024-11-04 08:06:26
469,125,539.81,2023-02-21 16:14:16,1,37,607,454,63,2,46,1,177,1,2051.25,2024-11-04 08:09:05
470,474,363.53,2023-01-18 17:03:54,1,18,129,92,67,0,63,2,142,1,1038.91,2024-11-04 08:10:57
471,90,64.9,2023-02-14 16:23:39,0,11,161,436,42,1,51,2,72,1,6854.61,2024-11-04 08:10:18
472,120,358.18,2023-04-10 16:44:52,1,4,625,9,27,0,18,3,157,1,619.86,2024-11-04 08:07:58
473,65,167.2,2023-01-18 17:53:37,1,35,1,467,35,1,30,0,84,1,11320.83,2024-11-04 08:06:52
474,13,121.91,2023-06-26 18:39:52,1,6,256,95,14,1,60,0,133,1,14510.8,2024-11-04 08:08:59
475,96,137.57,2023-12-11 17:26:22,1,21,212,417,66,2,54,1,70,1,5103.67,2024-11-04 08:11:22
476,339,534.62,2023-12-05 17:51:28,1,28,341,228,6,2,55,0,45,1,13793.53,2024-11-04 08:06:35
477,354,463.92,2023-03-13 16:41:12,1,23,513,293,9,2,50,1,199,1,2403.39,2024-11-04 08:09:14
478,41,320.14,2023-01-31 16:58:42,1,25,139,547,20,2,60,2,96,1,3075.97,2024-11-04 08:07:40
479,290,214.93,2023-05-15 17:02:15,1,0,37,365,37,2,28,3,52,1,7835.4,2024-11-04 08:08:51
480,308,660.02,2023-10-12 16:57:36,1,26,445,523,52,1,20,3,84,1,414.43,2024-11-04 08:08:35
481,170,345.81,2023-06-26 16:10:57,1,33,400,267,98,1,40,1,135,1,6116.8,2024-11-04 08:12:14
482,358,143.54,2023-10-16 16:06:05,1,30,415,548,95,0,71,2,80,1,6067.62,2024-11-04 08:08:22
483,334,42.55,2023-03-31 18:57:11,1,39,33,418,12,1,53,1,29,1,7341.43,2024-11-04 08:10:32
484,363,541.79,2023-08-11 16:43:45,1,23,537,574,97,0,22,3,125,1,1454.08,2024-11-04 08:11:29
485,31,40.57,2023-02-13 17:02:27,1,8,364,220,95,1,26,3,63,1,1476.91,2024-11-04 08:06:37
486,431,498.67,2023-12-05 16:19:23,1,24,665,562,35,2,28,3,244,1,1719.97,2024-11-04 08:08:24
487,150,227.22,2023-03-27 18:52:04,1,12,337,286,73,0,53,0,220,1,832.82,2024-11-04 08:11:56
488,123,56.94,2023-12-11 16:52:47,0,5,522,507,42,2,76,2,74,1,7004.63,2024-11-04 08:07:42
489,306,629.82,2023-07-17 16:22:23,1,7,193,209,55,0,68,2,159,1,6385.69,2024-11-04 08:11:59
490,180,59.44,2023-06-13 17:52:56,1,6,461,494,1,2,35,1,176,1,5472.03,2024-11-04 08:06:34
491,401,186.69,2023-12-29 16:38:21,1,27,526,184,14,1,30,1,54,1,8602.22,2024-11-04 08:08:12
492,91,230.46,2023-04-25 17:33:27,1,23,384,476,2,2,19,3,179,1,162.53,2024-11-04 08:08:50
493,309,65.09,2023-02-28 17:58:02,0,39,417,122,65,2,44,1,159,1,9370.9,2024-11-04 08:09:41
494,461,457.09,2023-05-25 16:52:57,0,26,269,327,32,2,55,1,63,1,8570.82,2024-11-04 08:08:45
495,311,552.02,2023-11-30 16:51:46,0,6,60,159,47,0,44,1,100,1,522.08,2024-11-04 08:09:25
496,143,377.12,2023-08-14 17:12:27,1,15,309,40,48,0,34,1,61,1,836.67,2024-11-04 08:11:40
497,43,204.56,2023-09-11 17:51:17,0,36,92,430,12,1,18,3,179,1,364.72,2024-11-04 08:10:26
498,4,420.28,2023-05-17 17:28:25,1,42,652,31,1,1,35,0,144,1,8557.32,2024-11-04 08:09:01
499,39,124.59,2023-05-05 17:32:18,1,5,36,551,24,1,27,3,171,1,129.29,2024-11-04 08:09:21
500,252,73.88,2023-01-02 16:27:18,1,5,588,117,14,2,39,0,34,1,6474.41,2024-11-04 08:09:09
501,350,77.43,2023-01-19 16:11:12,1,33,386,8,46,2,21,3,169,1,1380.21,2024-11-04 08:06:33
502,156,245.93,2023-06-06 18:53:35,1,14,94,355,53,1,54,1,172,1,7986.63,2024-11-04 08:11:58
503,84,622.41,2023-12-11 16:57:41,1,16,655,93,99,0,64,0,125,1,7322.01,2024-11-04 08:07:48
504,317,43.73,2023-04-03 16:43:29,1,29,606,279,10,0,34,0,145,1,9929.43,2024-11-04 08:10:33
505,81,2.03,2024-01-01 16:07:05,0,11,262,42,11,0,33,1,28,1,3012.31,2024-11-04 08:08:50
506,396,770.65,2023-07-05 17:49:26,1,17,117,178,15,2,31,0,137,1,7198.8,2024-11-04 08:09:01
507,312,260.31,2023-02-28 16:46:55,1,2,387,281,64,1,63,0,113,1,10980.38,2024-11-04 08:12:03
508,29,356.1,2023-10-25 16:13:39,0,13,424,200,42,1,26,3,187,1,868.35,2024-11-04 08:11:02
509,112,27.07,2023-03-06 17:39:01,0,41,45,458,3,1,80,2,39,1,3773.29,2024-11-04 08:09:57
510,296,119.89,2023-12-19 17:11:31,1,40,12,198,3,0,67,0,60,1,6697.77,2024-11-04 08:09:02
511,213,106.39,2023-02-13 18:42:09,1,41,466,332,2,2,37,0,281,1,9410.99,2024-11-04 08:10:32
512,220,12.04,2023-11-15 16:08:52,1,13,515,388,52,2,37,1,58,1,6213.32,2024-11-04 08:08:25
513,84,29.38,2023-02-15 16:30:09,0,3,52,108,63,1,28,3,63,1,1663.31,2024-11-04 08:11:08
514,213,319.85,2023-07-26 16:44:22,1,10,567,354,82,0,60,0,148,1,711.66,2024-11-04 08:07:45
515,235,350.14,2023-03-24 18:50:42,0,20,178,179,47,2,75,2,38,1,2403.25,2024-11-04 08:08:40
516,293,163.94,2023-08-03 18:49:37,0,41,339,153,40,1,52,2,73,1,5957.37,2024-11-04 08:09:51
517,454,170.53,2023-02-06 18:59:44,1,28,138,167,88,1,24,3,58,1,801.01,2024-11-04 08:09:49
518,418,262.22,2023-07-13 17:48:24,0,3,5,226,79,0,40,1,136,1,5711.71,2024-11-04 08:12:12
519,428,41.49,2023-04-24 16:47:20,1,0,405,393,26,2,24,3,13,1,928.33,2024-11-04 08:12:03
520,465,121.43,2023-03-21 16:20:33,0,34,238,214,61,1,52,1,243,1,7365.28,2024-11-04 08:07:28
521,455,350.46,2023-12-08 16:16:02,1,26,78,150,22,1,51,2,165,1,5839.38,2024-11-04 08:06:32
522,185,220.41,2023-09-04 16:42:49,0,12,552,89,58,2,26,1,155,1,5116.98,2024-11-04 08:10:04
523,12,33.46,2023-02-20 16:52:03,1,39,592,258,2,0,72,2,111,1,3641.07,2024-11-04 08:09:12
524,339,104.79,2023-08-07 16:06:32,1,10,511,533,38,0,70,0,223,1,1352.19,2024-11-04 08:10:07
525,12,246.27,2023-12-27 16:48:30,1,14,100,122,57,2,29,0,141,1,7299.86,2024-11-04 08:10:57
526,291,48.85,2023-12-08 16:45:12,1,9,620,504,48,0,19,3,176,1,1503.56,2024-11-04 08:07:15
527,189,332.0,2023-04-27 16:27:41,1,5,99,287,37,0,69,2,17,1,5943.13,2024-11-04 08:07:03
528,372,118.1,2023-10-31 16:49:13,1,22,22,33,70,2,54,1,167,1,895.66,2024-11-04 08:09:14
529,202,84.59,2023-04-19 16:54:46,0,19,539,149,3,1,67,0,10,1,5669.1,2024-11-04 08:07:12
530,469,295.64,2023-12-14 17:31:18,1,17,219,211,20,2,21,3,82,1,1061.96,2024-11-04 08:10:41
531,21,514.33,2023-06-02 16:27:08,1,30,460,350,16,1,25,3,160,1,1592.94,2024-11-04 08:12:17
532,356,94.59,2023-12-01 17:04:00,1,42,261,440,84,2,39,0,34,1,6171.89,2024-11-04 08:10:37
533,167,80.43,2023-01-04 16:09:43,1,8,464,165,13,1,59,2,157,1,5987.67,2024-11-04 08:08:18
534,423,54.25,2023-07-31 16:51:50,1,41,340,455,41,2,68,0,37,1,14783.33,2024-11-04 08:08:53
535,142,518.85,2023-10-23 18:37:47,1,18,98,517,37,2,22,3,82,1,1806.0,2024-11-04 08:06:37
536,443,10.65,2023-04-24 16:24:49,1,21,465,410,80,2,54,0,161,1,13240.72,2024-11-04 08:10:21
537,55,198.62,2023-05-15 16:19:14,0,40,362,585,78,1,27,3,84,1,1196.07,2024-11-04 08:06:38
538,420,107.03,2023-03-06 18:27:13,1,24,603,361,37,1,27,3,73,1,1408.07,2024-11-04 08:12:13
539,465,346.11,2023-01-04 17:00:17,1,9,349,86,6,1,41,1,213,1,9551.64,2024-11-04 08:08:03
540,37,138.06,2023-07-25 17:21:53,1,5,183,47,98,1,44,1,159,1,1070.47,2024-11-04 08:06:52
541,269,158.02,2023-09-20 17:09:14,1,27,31,482,25,0,49,1,120,1,9374.24,2024-11-04 08:09:57
542,93,830.01,2023-07-21 16:43:59,0,6,538,450,70,2,66,2,96,1,4253.18,2024-11-04 08:11:27
543,208,435.5,2023-05-15 18:41:05,1,28,444,5,7,0,55,2,112,1,6981.03,2024-11-04 08:09:40
544,181,110.49,2023-10-31 17:06:47,1,33,432,249,67,2,57,0,48,1,10483.93,2024-11-04 08:12:20
545,430,329.4,2023-12-25 16:30:09,1,10,667,15,16,2,34,0,68,1,9588.07,2024-11-04 08:07:55
546,105,635.4,2023-09-19 16:55:00,1,10,1,342,17,0,47,0,106,1,1238.11,2024-11-04 08:11:45
547,200,769.97,2023-02-16 18:56:44,1,36,376,367,57,1,22,3,23,1,1244.93,2024-11-04 08:09:51
548,392,175.07,2023-09-04 17:46:20,1,7,363,133,90,1,26,3,169,1,1040.25,2024-11-04 08:08:15
549,307,7.31,2023-06-26 16:04:11,1,19,59,174,27,1,78,2,282,1,5757.67,2024-11-04 08:07:15
550,222,175.15,2023-11-09 17:02:41,1,11,353,172,89,0,27,3,32,1,1712.65,2024-11-04 08:09:45
551,407,121.82,2023-09-08 18:24:14,1,9,522,419,31,2,60,0,119,1,13293.83,2024-11-04 08:11:30
552,473,56.12,2023-09-13 18:49:55,1,12,414,28,48,0,30,0,102,1,8839.67,2024-11-04 08:09:30
553,76,424.7,2023-01-30 17:37:14,0,24,65,466,31,2,56,2,178,1,6239.89,2024-11-04 08:08:25
554,237,35.16,2023-10-25 17:50:23,1,6,74,282,28,1,32,1,130,1,8459.18,2024-11-04 08:10:34
555,147,35.73,2023-06-12 16:48:03,1,24,668,316,27,1,65,0,87,1,9073.17,2024-11-04 08:11:09
556,82,3.44,2023-01-19 17:24:30,1,13,372,437,3,0,78,2,108,1,7561.33,2024-11-04 08:12:20
557,353,139.03,2023-08-30 18:00:09,0,20,346,133,75,2,50,1,81,1,2276.57,2024-11-04 08:11:29
558,22,254.92,2023-09-18 16:04:06,0,35,86,290,63,0,28,1,169,1,2791.12,2024-11-04 08:07:18
559,360,115.11,2023-05-05 17:34:22,1,0,607,263,10,2,28,1,139,1,9808.97,2024-11-04 08:10:18
560,167,171.11,2023-05-15 16:52:24,1,37,168,465,83,0,57,2,171,1,6324.09,2024-11-04 08:08:40
561,180,420.76,2023-02-23 16:04:35,1,24,316,519,53,1,51,2,76,1,6581.55,2024-11-04 08:08:38
562,216,408.46,2023-03-01 16:17:46,1,33,644,305,57,1,64,2,28,1,3140.79,2024-11-04 08:08:20
563,285,342.17,2023-12-14 16:09:42,0,27,512,566,32,1,21,3,247,1,461.83,2024-11-04 08:08:32
564,419,580.71,2023-09-20 16:37:48,1,30,198,53,45,0,53,1,95,1,5670.0,2024-11-04 08:10:54
565,364,821.54,2023-08-22 18:11:16,0,1,140,259,43,1,79,2,36,1,4040.32,2024-11-04 08:11:57
566,448,253.47,2023-06-14 17:07:08,1,1,371,541,76,1,20,3,238,1,220.51,2024-11-04 08:08:12
567,397,22.81,2023-05-29 17:53:03,1,27,64,538,82,2,62,2,75,1,3634.76,2024-11-04 08:07:59
568,352,266.57,2023-07-03 17:56:59,0,4,57,112,25,2,39,1,96,1,7180.48,2024-11-04 08:07:10
569,291,374.61,2023-08-29 18:30:36,0,23,55,396,78,2,75,2,37,1,1389.71,2024-11-04 08:11:24
570,387,339.35,2023-02-03 16:08:47,0,4,97,287,83,0,78,2,70,1,5002.7,2024-11-04 08:08:17
571,220,810.36,2023-01-17 16:59:03,1,8,376,108,80,0,20,3,67,1,9239.12,2024-11-04 08:07:19
572,480,9.83,2023-07-24 17:04:17,1,22,53,331,3,0,24,3,86,1,666.42,2024-11-04 08:09:03
573,212,135.57,2023-06-14 17:17:34,0,4,219,132,72,1,51,0,116,1,11351.64,2024-11-04 08:11:44
574,270,340.05,2023-10-27 17:26:53,1,11,191,189,37,0,43,1,37,1,7234.15,2024-11-04 08:07:43
575,476,283.45,2023-10-17 17:24:47,1,7,382,78,38,1,27,1,127,1,2049.51,2024-11-04 08:08:51
576,351,100.99,2023-05-29 16:20:29,1,27,449,25,77,0,68,0,114,1,8865.27,2024-11-04 08:09:12
577,25,90.88,2023-02-20 16:48:49,1,0,432,284,70,1,18,3,176,1,3908.47,2024-11-04 08:07:13
578,410,655.15,2023-01-02 16:22:54,1,39,601,28,82,0,26,1,264,1,5587.44,2024-11-04 08:07:15
579,56,320.55,2023-05-01 17:11:47,1,25,529,296,40,2,50,1,118,1,438.75,2024-11-04 08:08:14
580,167,41.51,2023-10-04 16:47:33,1,31,663,172,83,2,28,3,48,1,609.6,2024-11-04 08:11:54
581,257,71.53,2023-10-30 16:49:25,0,17,403,29,29,1,68,2,39,1,2393.73,2024-11-04 08:12:00
582,30,467.13,2023-09-28 17:18:26,0,18,24,184,95,1,54,2,45,1,3914.84,2024-11-04 08:06:58
583,129,235.4,2023-09-26 17:02:25,1,11,139,515,37,1,28,3,70,1,818.36,2024-11-04 08:10:13
584,173,159.32,2023-01-16 18:57:13,1,39,429,408,32,1,18,3,100,1,304.44,2024-11-04 08:10:32
585,137,50.83,2023-12-18 16:06:14,0,30,404,263,75,2,30,0,48,1,9553.42,2024-11-04 08:10:06
586,54,56.89,2023-02-03 18:03:56,0,15,118,388,61,1,59,1,56,1,3034.67,2024-11-04 08:09:52
587,271,20.22,2023-03-10 18:26:19,1,17,121,211,2,0,43,1,138,1,5515.32,2024-11-04 08:06:32
588,441,50.4,2023-03-27 17:02:44,1,35,544,430,78,1,36,0,84,1,1677.01,2024-11-04 08:07:17
589,141,73.88,2023-05-08 17:42:36,1,20,388,92,8,1,53,2,131,1,4055.55,2024-11-04 08:08:11
590,137,119.61,2023-03-14 16:21:01,1,36,100,588,16,0,33,0,53,1,9899.94,2024-11-04 08:07:28
591,420,116.58,2023-08-31 16:38:18,1,33,621,298,37,1,43,1,247,1,2620.74,2024-11-04 08:06:50
592,375,391.96,2023-06-19 16:21:58,1,26,435,71,31,0,64,2,79,1,2174.16,2024-11-04 08:06:47
593,452,156.26,2023-01-02 17:49:44,0,41,132,454,58,1,46,1,160,1,7854.1,2024-11-04 08:09:29
594,13,427.0,2023-07-31 17:04:29,0,28,604,237,64,1,49,1,163,1,8253.65,2024-11-04 08:07:30
595,69,443.68,2023-04-25 18:58:32,1,40,383,173,11,0,18,3,137,1,874.15,2024-11-04 08:10:26
596,52,101.76,2023-02-20 17:27:24,1,30,358,526,70,1,31,0,26,1,6043.25,2024-11-04 08:11:08
597,179,67.57,2023-08-17 16:44:38,1,5,478,194,92,1,37,1,107,1,2766.12,2024-11-04 08:11:15
598,252,326.29,2023-12-06 17:10:35,1,10,180,481,24,2,56,1,179,1,8171.26,2024-11-04 08:10:44
599,5,158.56,2023-02-28 17:28:13,1,34,26,349,86,0,33,0,100,1,5401.21,2024-11-04 08:10:48
600,418,56.02,2023-06-19 17:50:29,1,22,438,541,2,2,27,3,142,1,3548.02,2024-11-04 08:07:58
601,129,288.28,2023-01-17 17:11:24,1,32,125,266,86,2,27,3,36,1,160.83,2024-11-04 08:06:33
602,131,245.67,2023-01-02 18:35:07,0,32,95,385,87,1,24,3,107,1,752.25,2024-11-04 08:07:45
603,355,114.35,2023-11-27 16:16:19,0,12,256,275,24,1,41,1,21,1,469.12,2024-11-04 08:10:13
604,90,373.27,2023-07-18 18:03:03,0,24,88,402,52,2,61,0,79,1,8441.61,2024-11-04 08:06:36
605,47,504.63,2023-11-13 17:07:10,1,32,127,522,67,2,60,1,168,1,3806.16,2024-11-04 08:07:50
606,318,820.15,2023-12-18 16:33:01,1,18,272,82,92,1,47,0,181,1,8802.97,2024-11-04 08:10:34
607,490,8.37,2023-01-12 16:21:27,1,7,408,120,10,0,63,2,135,1,1106.34,2024-11-04 08:11:23
608,128,197.49,2023-07-03 16:36:45,0,14,624,201,6,2,53,2,30,1,5005.33,2024-11-04 08:06:40
609,32,637.97,2023-10-23 17:17:18,1,27,621,16,65,1,58,2,90,1,7949.03,2024-11-04 08:07:56
610,281,13.52,2023-05-15 16:51:28,1,39,562,201,0,0,26,3,65,1,259.77,2024-11-04 08:06:30
611,228,432.1,2023-03-20 16:28:17,1,37,256,236,47,0,49,1,240,1,2114.3,2024-11-04 08:10:16
612,134,642.68,2023-02-17 16:57:11,1,14,260,466,33,1,50,0,94,1,8461.46,2024-11-04 08:08:38
613,99,78.44,2023-11-21 17:25:30,0,38,458,401,32,2,52,2,292,1,6870.84,2024-11-04 08:10:39
614,323,139.72,2023-01-16 17:53:00,1,22,496,355,32,1,49,1,201,1,5058.83,2024-11-04 08:08:24
615,350,499.99,2023-08-02 16:01:17,1,38,98,563,45,1,31,1,296,1,8885.0,2024-11-04 08:09:05
616,307,10.07,2023-01-17 16:47:41,1,0,474,366,28,2,24,3,49,1,530.81,2024-11-04 08:08:57
617,237,120.62,2023-02-27 16:37:11,1,33,23,93,86,0,23,3,85,1,9379.53,2024-11-04 08:06:39
618,121,578.49,2023-10-16 17:46:51,1,26,446,279,31,1,59,2,180,1,6475.13,2024-11-04 08:06:50
619,364,280.92,2024-01-01 18:21:50,1,31,308,69,47,2,41,0,168,1,5298.85,2024-11-04 08:06:41
620,325,42.42,2023-06-01 17:19:57,1,34,67,487,41,2,21,3,102,1,490.57,2024-11-04 08:09:11
621,215,77.03,2023-06-19 16:57:53,1,14,656,71,29,0,67,0,259,1,11310.27,2024-11-04 08:08:06
622,431,22.59,2023-03-27 16:12:36,1,39,47,43,59,0,62,2,45,1,3988.75,2024-11-04 08:08:22
623,282,568.76,2023-10-09 16:48:50,1,3,215,491,96,0,51,2,155,1,7484.32,2024-11-04 08:12:09
624,459,105.94,2023-08-07 16:02:55,1,28,512,175,73,1,51,1,207,1,5963.1,2024-11-04 08:09:59
625,426,350.15,2023-11-27 16:18:25,0,14,228,28,51,0,21,3,195,1,296.47,2024-11-04 08:08:37
626,490,183.67,2023-06-26 16:11:29,1,36,182,523,84,2,19,3,238,1,910.26,2024-11-04 08:11:05
627,25,278.27,2023-04-10 16:47:55,1,40,139,556,26,1,29,0,123,1,6684.34,2024-11-04 08:09:58
628,272,470.3,2023-09-12 18:46:45,1,2,670,424,90,0,40,0,88,1,8524.09,2024-11-04 08:08:00
629,114,261.69,2023-11-27 17:29:25,1,30,115,288,41,0,53,2,84,1,5126.65,2024-11-04 08:09:09
630,361,365.04,2023-03-06 16:29:57,1,41,226,554,2,1,22,3,94,1,873.89,2024-11-04 08:12:08
631,29,211.1,2023-09-14 16:58:48,1,24,628,261,69,1,57,2,136,1,7059.77,2024-11-04 08:07:01
632,109,21.49,2023-05-04 16:51:17,1,10,106,485,49,0,58,0,240,1,11991.24,2024-11-04 08:08:08
633,217,63.58,2023-09-11 17:43:14,1,8,80,188,92,0,18,3,199,1,8086.04,2024-11-04 08:11:56
634,290,321.86,2023-07-24 16:25:51,1,35,533,116,4,0,63,0,167,1,12626.49,2024-11-04 08:06:35
635,135,12.11,2023-12-12 16:17:27,1,17,555,469,37,1,75,2,127,1,1730.28,2024-11-04 08:07:10
636,3,642.54,2023-05-10 18:49:20,1,25,638,198,24,1,44,1,28,1,3143.17,2024-11-04 08:10:37
637,436,210.45,2023-12-11 16:47:05,1,19,527,122,10,0,27,3,146,1,1242.49,2024-11-04 08:06:24
638,198,313.65,2023-01-30 16:08:07,0,6,279,471,16,1,55,2,173,1,1886.36,2024-11-04 08:10:49
639,456,99.76,2023-08-07 16:21:37,1,34,481,409,38,1,26,3,131,1,416.89,2024-11-04 08:06:26
640,384,115.32,2023-07-25 17:24:07,1,10,638,333,74,1,53,2,113,1,5929.08,2024-11-04 08:08:36
641,292,33.61,2023-08-21 17:25:00,1,25,114,119,13,2,23,3,72,1,479.08,2024-11-04 08:08:40
642,170,498.59,2023-01-30 16:20:26,0,28,581,574,31,2,33,0,32,1,5862.99,2024-11-04 08:06:58
643,376,98.81,2023-09-04 16:48:13,1,37,413,411,46,1,27,3,91,1,797.1,2024-11-04 08:08:11
644,172,1.87,2023-10-20 18:34:41,1,42,161,386,13,0,65,2,147,1,7287.94,2024-11-04 08:09:48
645,33,78.92,2023-06-15 18:57:42,0,17,116,143,74,2,59,1,95,1,5624.86,2024-11-04 08:08:28
646,216,194.29,2023-01-23 16:05:42,0,39,296,176,58,1,39,1,10,1,2988.41,2024-11-04 08:08:57
647,410,28.73,2023-10-31 16:11:57,1,18,367,577,15,0,53,1,185,1,2712.96,2024-11-04 08:08:37
648,461,105.53,2023-06-16 16:36:20,1,7,2,461,25,2,24,3,88,1,1433.66,2024-11-04 08:10:14
649,459,737.34,2023-03-20 17:45:22,1,24,40,571,5,2,30,0,34,1,7336.56,2024-11-04 08:08:06
650,100,237.86,2023-02-06 17:48:39,1,30,265,96,43,0,18,3,210,1,475.63,2024-11-04 08:10:20
651,117,409.61,2023-07-26 16:05:48,1,18,593,287,23,1,65,0,89,1,11698.15,2024-11-04 08:10:16
652,412,75.53,2023-08-21 17:36:05,0,14,574,463,8,2,21,3,157,1,1034.35,2024-11-04 08:07:11
653,232,72.75,2023-05-01 16:30:03,1,31,396,18,66,0,64,0,15,1,12042.79,2024-11-04 08:07:19
654,274,39.11,2023-09-01 18:05:37,1,8,235,283,51,2,26,3,143,1,518.54,2024-11-04 08:08:27
655,41,729.38,2023-11-14 17:23:43,1,20,426,588,92,0,68,0,90,1,9127.65,2024-11-04 08:08:16
656,11,137.49,2023-07-26 16:54:08,1,13,156,428,39,0,34,1,50,1,4471.05,2024-11-04 08:07:04
657,239,504.71,2023-04-10 18:27:51,1,11,8,368,59,2,29,1,61,1,6214.54,2024-11-04 08:08:37
658,389,371.47,2023-05-30 16:15:10,0,25,636,393,96,1,24,3,58,1,1187.04,2024-11-04 08:07:09
659,248,430.35,2023-02-20 17:23:03,1,5,94,347,6,2,36,0,205,1,354.9,2024-11-04 08:10:51
660,388,230.32,2023-05-15 18:15:33,1,19,263,446,14,1,35,1,56,1,791.46,2024-11-04 08:08:34
661,451,121.71,2023-09-05 17:02:23,1,6,649,521,14,0,52,2,140,1,5878.89,2024-11-04 08:11:23
662,44,98.87,2023-01-03 17:51:07,1,11,57,354,59,2,20,3,179,1,533.2,2024-11-04 08:06:58
663,10,117.55,2023-05-19 16:35:07,1,14,86,414,45,0,24,3,35,1,897.94,2024-11-04 08:11:13
664,43,244.64,2023-02-21 18:41:39,1,40,168,503,71,1,30,0,103,1,9159.56,2024-11-04 08:06:53
665,178,321.93,2023-12-04 18:27:11,1,26,82,435,91,0,45,1,12,1,4392.73,2024-11-04 08:07:51
666,283,283.23,2023-02-06 16:48:45,1,12,670,130,60,2,40,1,98,1,2008.77,2024-11-04 08:07:38
667,13,346.65,2024-01-01 16:17:13,1,42,76,429,61,2,30,1,60,1,6356.96,2024-11-04 08:06:58
668,151,381.62,2023-01-27 16:40:28,1,19,645,248,96,2,64,2,164,1,6009.12,2024-11-04 08:11:46
669,162,388.65,2023-02-21 16:02:33,1,28,275,421,64,0,76,2,43,1,7896.85,2024-11-04 08:08:15
670,157,29.22,2023-07-06 18:16:05,1,35,415,431,67,0,24,3,151,1,1649.43,2024-11-04 08:09:03
671,354,46.75,2023-07-31 17:37:31,1,7,451,284,77,1,67,2,150,1,2840.43,2024-11-04 08:09:20
672,321,348.64,2023-06-09 17:12:09,1,38,215,93,97,2,57,2,128,1,3274.96,2024-11-04 08:11:22
673,108,319.17,2023-01-11 16:58:02,1,40,427,510,87,2,73,2,81,1,6501.56,2024-11-04 08:08:49
674,108,73.95,2023-11-03 16:39:45,1,18,324,479,11,0,26,3,76,1,363.92,2024-11-04 08:07:22
675,252,389.63,2023-02-16 16:20:06,1,23,620,154,99,2,27,1,99,1,9748.48,2024-11-04 08:08:55
676,143,217.61,2023-03-16 17:36:31,1,6,168,345,24,0,19,3,45,1,1404.53,2024-11-04 08:10:08
677,449,199.84,2023-01-16 16:01:34,1,9,317,441,81,0,21,3,150,1,706.44,2024-11-04 08:09:14
678,277,56.35,2023-02-09 16:09:00,1,5,258,198,32,0,44,0,75,1,5095.73,2024-11-04 08:07:36
679,43,248.95,2023-06-16 16:19:35,0,37,437,411,67,1,65,2,29,1,3059.79,2024-11-04 08:09:32
680,384,142.58,2023-06-19 16:20:51,1,35,622,108,47,0,33,1,145,1,7844.23,2024-11-04 08:06:46
681,152,333.78,2023-11-30 17:53:48,1,36,427,449,56,0,60,2,98,1,6810.94,2024-11-04 08:07:50
682,187,332.59,2023-07-13 17:50:13,1,35,159,196,59,2,55,2,143,1,1457.07,2024-11-04 08:09:05
683,154,236.81,2023-10-26 16:59:55,1,28,265,254,12,1,22,3,15,1,813.68,2024-11-04 08:07:18
684,4,417.8,2023-06-26 16:21:14,0,30,605,449,65,1,27,3,130,1,1518.82,2024-11-04 08:09:17
685,124,319.27,2023-08-07 16:54:58,1,35,168,334,51,0,50,0,150,1,10269.78,2024-11-04 08:12:18
686,198,384.1,2023-05-24 18:32:58,1,11,477,293,3,1,42,1,172,1,672.79,2024-11-04 08:11:42
687,163,820.62,2023-03-03 17:18:59,0,14,597,440,83,1,61,0,158,1,6024.8,2024-11-04 08:07:28
688,414,474.77,2023-12-25 16:28:20,0,16,45,15,72,2,56,1,50,1,2158.59,2024-11-04 08:08:36
689,324,542.72,2023-09-04 18:37:57,0,16,551,398,99,1,43,0,92,1,6011.8,2024-11-04 08:08:53
690,35,79.8,2023-12-22 17:17:34,1,13,459,256,69,0,73,2,76,1,6372.58,2024-11-04 08:06:48
691,288,46.24,2023-03-13 16:05:46,1,36,568,532,42,1,57,1,52,1,2569.56,2024-11-04 08:07:24
692,475,327.8,2023-11-23 17:44:29,1,37,497,564,53,0,61,0,54,1,10585.48,2024-11-04 08:09:18
693,229,445.79,2023-07-07 17:19:39,1,19,297,320,51,0,52,0,161,1,717.99,2024-11-04 08:12:05
694,230,55.89,2023-08-17 16:54:30,1,14,444,224,25,2,72,2,150,1,3689.65,2024-11-04 08:11:33
695,319,158.41,2023-02-09 16:28:58,1,34,120,252,12,1,28,3,16,1,1512.16,2024-11-04 08:10:03
696,28,101.19,2023-11-29 18:38:41,0,10,504,532,32,2,64,0,75,1,14389.45,2024-11-04 08:09:44
697,139,61.97,2023-05-22 18:45:23,1,31,467,6,55,0,74,2,95,1,7014.69,2024-11-04 08:10:47
698,59,27.21,2023-06-14 16:34:54,1,38,675,378,49,0,79,2,102,1,3520.61,2024-11-04 08:06:49
699,90,173.74,2023-09-08 17:48:22,1,15,125,180,73,2,80,2,64,1,4913.42,2024-11-04 08:11:52
700,348,176.11,2023-08-10 16:48:55,1,38,545,554,90,1,38,1,105,1,9155.35,2024-11-04 08:10:30
701,352,88.4,2023-11-10 18:02:07,1,13,110,38,64,2,46,1,174,1,2567.53,2024-11-04 08:09:41
702,76,567.92,2023-06-20 16:27:07,1,8,345,337,41,2,53,2,14,1,3779.47,2024-11-04 08:12:12
703,12,138.11,2023-12-11 17:29:02,0,31,221,298,0,2,68,2,104,1,4177.65,2024-11-04 08:07:04
704,29,456.93,2023-09-26 16:18:33,0,41,565,341,5,1,28,1,193,1,7284.76,2024-11-04 08:09:29
705,72,101.42,2023-04-25 17:00:15,1,1,190,40,35,2,66,2,146,1,6530.59,2024-11-04 08:12:22
706,393,300.61,2023-05-01 17:21:46,1,12,84,194,5,2,44,0,51,1,7895.54,2024-11-04 08:11:56
707,318,265.94,2023-06-05 16:11:07,1,4,559,22,84,2,54,1,132,1,6781.3,2024-11-04 08:06:37
708,105,345.54,2023-01-24 16:05:40,1,36,53,342,49,2,29,1,50,1,2091.78,2024-11-04 08:11:09
709,208,411.52,2023-01-10 17:40:16,1,20,474,457,22,0,41,0,88,1,11108.39,2024-11-04 08:09:13
710,292,111.21,2023-08-21 18:36:41,1,32,384,343,75,1,35,0,111,1,9088.36,2024-11-04 08:12:12
711,100,316.37,2023-08-28 17:34:17,1,7,576,351,87,0,53,1,86,1,4671.69,2024-11-04 08:08:00
712,193,260.63,2023-12-20 18:58:27,1,13,543,404,4,1,37,1,142,1,7534.73,2024-11-04 08:08:49
713,337,92.36,2023-03-27 16:48:34,1,9,575,383,91,0,29,1,144,1,6353.14,2024-11-04 08:07:55
714,26,262.06,2023-09-11 16:09:15,1,28,391,432,28,1,63,0,118,1,13587.52,2024-11-04 08:10:23
715,334,64.5,2023-08-17 18:32:19,1,10,75,231,61,0,74,2,230,1,1351.24,2024-11-04 08:08:31
716,419,175.94,2023-06-05 16:16:13,1,16,421,439,43,0,57,2,89,1,3728.04,2024-11-04 08:07:11
717,159,199.47,2023-08-14 16:26:38,1,11,563,546,40,2,57,0,142,1,6067.44,2024-11-04 08:07:22
718,411,51.07,2023-01-23 18:06:58,1,9,112,185,16,1,63,2,133,1,4292.16,2024-11-04 08:12:12
719,205,435.86,2023-12-29 17:17:48,1,17,453,133,74,0,56,2,134,1,3801.82,2024-11-04 08:09:18
720,299,74.73,2023-01-30 17:17:38,0,17,545,567,8,1,64,2,162,1,6353.22,2024-11-04 08:08:26
721,164,182.79,2023-10-25 16:21:15,0,21,479,403,12,2,23,3,14,1,1251.85,2024-11-04 08:06:54
722,274,628.36,2023-01-20 16:09:37,1,2,398,283,4,2,44,0,108,1,11869.71,2024-11-04 08:07:32
723,112,268.39,2023-02-21 18:13:02,1,35,218,538,20,2,29,0,177,1,9409.43,2024-11-04 08:11:45
724,405,362.27,2023-05-11 16:36:38,1,17,72,505,50,0,80,2,47,1,6003.59,2024-11-04 08:07:35
725,374,560.15,2023-08-14 18:01:36,0,22,473,574,58,2,50,1,92,1,817.83,2024-11-04 08:10:51
726,199,132.36,2023-03-13 17:01:57,1,7,198,423,93,1,28,3,160,1,319.65,2024-11-04 08:10:05
727,51,24.77,2023-11-01 16:55:58,0,26,432,363,1,2,40,1,17,1,478.23,2024-11-04 08:07:20
728,416,80.24,2023-05-19 17:28:42,0,27,581,265,15,1,53,0,58,1,8012.81,2024-11-04 08:12:13
729,81,8.65,2023-11-20 16:28:19,1,23,103,347,59,0,68,2,198,1,4201.22,2024-11-04 08:11:35
730,123,178.91,2023-03-15 16:37:04,1,29,40,402,34,0,18,3,19,1,8870.89,2024-11-04 08:07:06
731,223,115.22,2023-12-08 17:05:33,1,37,181,519,62,1,27,1,108,1,906.2,2024-11-04 08:09:07
732,287,161.63,2023-12-25 16:32:44,1,38,601,398,76,2,46,0,276,1,9286.37,2024-11-04 08:08:21
733,314,542.75,2023-12-07 18:28:50,0,26,616,543,44,1,70,2,63,1,2224.08,2024-11-04 08:08:27
734,425,317.47,2023-05-01 17:31:34,0,34,59,61,82,2,67,0,16,1,14639.28,2024-11-04 08:07:58
735,359,280.99,2023-02-20 18:03:01,1,15,358,28,95,1,45,1,29,1,9733.59,2024-11-04 08:07:24
736,48,24.19,2023-02-08 17:33:08,1,36,97,244,60,0,29,1,28,1,2756.2,2024-11-04 08:07:26
737,127,586.85,2023-08-15 16:57:27,1,23,495,247,13,0,36,0,86,1,6655.15,2024-11-04 08:12:18
738,360,372.41,2023-06-19 18:12:16,1,36,349,338,87,0,55,2,143,1,3233.87,2024-11-04 08:06:34
739,446,63.17,2023-07-25 18:28:57,1,14,622,45,38,0,20,3,148,1,1676.57,2024-11-04 08:07:18
740,334,383.69,2023-10-31 17:06:08,1,7,131,24,63,2,54,1,285,1,8371.11,2024-11-04 08:10:03
741,383,247.17,2023-05-22 17:58:55,0,6,80,468,95,1,65,2,149,1,2611.64,2024-11-04 08:07:43
742,185,48.78,2023-08-11 16:43:41,0,18,70,39,5,1,18,3,136,1,552.06,2024-11-04 08:10:11
743,37,4.15,2023-10-19 16:34:39,0,29,208,196,18,1,60,2,119,1,6017.36,2024-11-04 08:09:48
744,314,60.99,2023-08-01 17:14:17,1,28,626,451,36,1,34,1,58,1,7281.46,2024-11-04 08:07:51
745,75,408.19,2023-12-15 16:48:08,1,23,354,260,37,1,26,1,241,1,6847.47,2024-11-04 08:08:29
746,129,524.6,2023-04-07 17:37:34,1,12,570,432,1,1,58,0,76,1,13017.7,2024-11-04 08:09:46
747,177,108.96,2023-10-10 18:12:07,1,25,234,449,69,0,26,3,247,1,7597.66,2024-11-04 08:06:40
748,244,70.03,2023-12-18 18:34:33,1,26,4,275,72,1,63,2,49,1,7330.31,2024-11-04 08:07:55
749,448,124.84,2023-09-22 17:44:42,1,21,615,231,50,2,52,2,79,1,6711.78,2024-11-04 08:11:28
750,74,324.04,2023-07-05 16:49:05,1,41,617,11,42,0,54,2,30,1,2248.06,2024-11-04 08:08:07
751,380,39.69,2023-04-24 17:16:27,1,2,519,355,88,2,70,2,163,1,3524.68,2024-11-04 08:07:44
752,438,157.7,2023-12-01 17:29:15,0,29,74,325,18,1,58,1,46,1,8332.58,2024-11-04 08:11:00
753,302,81.27,2023-11-07 16:36:34,0,39,222,305,50,2,22,3,68,1,1814.48,2024-11-04 08:10:47
754,391,193.82,2023-04-20 17:52:46,1,18,511,169,41,1,37,1,176,1,3886.77,2024-11-04 08:12:09
755,76,16.73,2023-11-30 17:48:36,1,29,635,315,21,2,79,2,165,1,7591.13,2024-11-04 08:08:04
756,342,474.05,2023-08-10 18:30:37,1,38,618,367,30,0,57,2,214,1,1484.31,2024-11-04 08:10:46
757,6,637.75,2023-07-24 16:07:05,1,9,540,241,27,1,79,2,152,1,4202.92,2024-11-04 08:08:51
758,8,153.59,2023-05-04 17:43:59,0,32,261,313,0,1,66,2,174,1,4813.12,2024-11-04 08:09:43
759,63,186.6,2023-10-25 16:03:16,1,40,533,239,85,1,18,3,139,1,9716.68,2024-11-04 08:10:37
760,356,644.08,2023-05-08 17:29:00,1,1,361,471,17,2,24,3,55,1,1980.62,2024-11-04 08:07:18
761,438,226.66,2023-12-27 18:55:13,1,2,619,173,0,1,41,0,168,1,10216.25,2024-11-04 08:07:45
762,104,305.0,2023-10-12 17:20:30,1,31,585,293,2,0,22,3,222,1,944.83,2024-11-04 08:06:50
763,236,233.1,2023-01-16 17:28:48,0,26,454,409,10,1,42,0,37,1,7469.2,2024-11-04 08:11:39
764,90,793.13,2023-05-10 16:38:07,1,22,498,219,34,2,68,0,76,1,13389.16,2024-11-04 08:09:45
765,170,224.19,2023-09-21 16:42:38,1,15,258,438,16,0,52,0,93,1,8475.47,2024-11-04 08:07:34
766,357,214.83,2023-03-20 18:12:30,0,40,222,315,8,0,23,3,63,1,991.69,2024-11-04 08:11:45
767,182,163.46,2023-09-08 17:09:54,0,3,148,412,36,1,63,2,111,1,6953.8,2024-11-04 08:11:32
768,364,194.99,2023-12-01 17:01:30,1,17,425,219,96,1,34,1,91,1,1370.03,2024-11-04 08:07:50
769,406,227.5,2023-03-13 16:59:33,1,34,221,92,54,2,34,0,277,1,11505.35,2024-11-04 08:11:35
770,66,259.9,2023-06-22 16:08:43,1,28,531,110,82,2,26,3,100,1,914.28,2024-11-04 08:07:29
771,316,59.51,2023-04-04 16:12:25,0,9,255,554,85,2,36,0,55,1,9955.88,2024-11-04 08:12:18
772,297,50.63,2023-05-24 16:21:09,1,8,302,563,44,2,64,2,143,1,4732.81,2024-11-04 08:12:22
773,293,112.94,2023-11-24 17:35:47,0,35,257,118,90,2,73,2,31,1,3807.84,2024-11-04 08:07:19
774,322,11.81,2023-02-27 16:07:38,1,31,285,582,71,0,21,3,131,1,320.25,2024-11-04 08:07:53
775,52,329.14,2023-11-14 16:37:42,1,34,153,479,17,1,55,0,14,1,12033.92,2024-11-04 08:09:00
776,397,154.24,2023-11-06 16:19:31,1,23,127,355,48,0,61,2,82,1,6109.55,2024-11-04 08:08:33
777,391,233.44,2023-01-20 16:23:48,1,6,321,407,36,2,20,3,297,1,1691.88,2024-11-04 08:07:54
778,377,141.8,2023-11-15 18:56:02,1,6,45,240,87,0,18,3,116,1,1697.67,2024-11-04 08:08:34
779,444,209.03,2023-10-09 18:20:39,1,11,356,223,11,1,55,1,126,1,8359.5,2024-11-04 08:10:58
780,154,261.14,2023-05-15 18:44:04,1,35,212,244,39,0,42,1,162,1,6100.08,2024-11-04 08:08:53
781,412,101.81,2023-06-29 17:51:45,1,13,204,175,86,0,45,0,105,1,13872.03,2024-11-04 08:11:23
782,258,98.71,2023-09-18 17:41:29,1,13,267,527,69,0,32,0,117,1,10095.23,2024-11-04 08:07:42
783,8,87.38,2023-03-03 18:23:29,1,1,343,383,53,1,21,3,252,1,1504.99,2024-11-04 08:09:45
784,430,83.39,2023-09-18 16:00:54,1,29,68,96,41,1,32,0,158,1,13182.11,2024-11-04 08:12:20
785,393,267.55,2023-06-13 16:06:05,1,5,136,213,83,2,46,1,40,1,4330.04,2024-11-04 08:12:03
786,179,870.05,2023-08-31 16:42:18,1,12,96,536,76,0,29,0,39,1,905.25,2024-11-04 08:11:02
787,476,154.32,2024-01-01 16:53:32,0,40,54,531,14,0,38,1,269,1,6972.5,2024-11-04 08:11:43
788,469,164.51,2023-06-05 18:09:44,1,21,103,258,55,1,78,2,110,1,3553.69,2024-11-04 08:07:10
789,248,758.12,2023-07-03 18:46:29,1,37,396,229,27,0,69,2,90,1,6164.65,2024-11-04 08:11:14
790,370,103.76,2023-03-29 16:20:33,1,18,642,528,84,2,28,1,188,1,9626.14,2024-11-04 08:11:31
791,56,583.92,2023-08-01 16:11:52,1,18,412,391,23,2,55,1,139,1,6364.14,2024-11-04 08:06:32
792,299,204.06,2023-01-02 16:07:17,1,42,660,145,68,2,77,2,159,1,4351.83,2024-11-04 08:07:22
793,33,53.51,2023-10-26 16:54:32,1,27,646,100,29,2,56,2,165,1,5773.5,2024-11-04 08:11:18
794,356,52.95,2023-08-07 18:02:59,0,5,627,139,60,2,68,2,14,1,6335.58,2024-11-04 08:07:52
795,92,120.17,2023-08-08 17:07:42,1,32,51,439,22,0,49,0,105,1,5403.79,2024-11-04 08:11:50
796,222,220.8,2023-09-06 18:43:52,1,16,512,6,20,2,31,1,28,1,8135.31,2024-11-04 08:10:00
797,468,119.01,2023-03-13 17:26:41,1,30,401,110,68,0,45,0,87,1,9798.26,2024-11-04 08:09:17
798,442,183.32,2023-05-10 16:27:51,1,33,433,186,40,0,21,3,74,1,137.42,2024-11-04 08:09:31
799,433,858.88,2023-08-22 16:31:34,1,17,372,129,84,2,60,1,227,1,7015.46,2024-11-04 08:12:11
800,131,11.46,2023-02-13 16:53:17,0,37,303,82,91,2,41,1,128,1,2356.71,2024-11-04 08:09:16
801,474,61.37,2023-02-06 16:54:19,1,8,73,469,0,1,75,2,164,1,4294.44,2024-11-04 08:10:55
802,260,103.08,2023-02-27 16:48:02,0,25,293,503,95,1,49,1,150,1,9251.38,2024-11-04 08:06:42
803,173,1.21,2023-08-21 17:19:06,1,1,354,581,38,1,55,2,196,1,7542.74,2024-11-04 08:11:34
804,273,425.18,2023-10-04 16:00:54,0,7,476,524,50,2,26,1,172,1,9880.71,2024-11-04 08:08:39
805,213,60.96,2023-10-23 16:35:48,1,7,88,239,64,0,52,2,238,1,6189.24,2024-11-04 08:09:58
806,425,64.21,2023-01-09 16:36:16,1,29,507,93,27,0,51,0,37,1,12540.18,2024-11-04 08:09:24
807,61,523.02,2023-05-19 18:32:45,1,17,664,74,9,2,53,2,83,1,4586.11,2024-11-04 08:06:38
808,88,50.26,2023-11-09 17:51:35,1,19,259,457,54,1,65,2,164,1,1519.38,2024-11-04 08:10:47
809,131,110.08,2023-11-20 17:15:13,1,11,539,320,58,1,19,3,95,1,1447.26,2024-11-04 08:08:19
810,351,54.47,2023-11-13 17:47:07,0,30,417,265,99,1,23,3,34,1,1131.42,2024-11-04 08:11:15
811,398,79.76,2023-04-03 16:25:35,1,18,108,359,42,2,68,0,115,1,10278.75,2024-11-04 08:08:14
812,384,16.79,2023-11-06 16:42:34,0,11,305,313,22,2,30,0,146,1,535.15,2024-11-04 08:11:01
813,159,68.62,2023-06-29 16:57:52,1,29,43,201,90,1,29,0,157,1,13891.47,2024-11-04 08:10:59
814,419,157.16,2023-03-13 17:34:30,1,27,657,89,67,1,20,3,280,1,1545.77,2024-11-04 08:07:27
815,357,643.38,2023-11-06 17:19:21,0,11,245,23,43,2,18,3,105,1,1046.74,2024-11-04 08:12:01
816,379,328.34,2023-10-12 16:17:47,0,36,239,22,13,2,42,1,31,1,2840.45,2024-11-04 08:09:00
817,43,72.68,2023-07-21 17:56:49,1,39,672,556,71,2,69,2,44,1,6216.77,2024-11-04 08:10:20
818,474,354.76,2023-05-17 16:30:05,1,11,133,463,64,1,51,0,279,1,10141.92,2024-11-04 08:07:39
819,363,793.88,2023-02-22 16:17:29,0,20,305,561,35,0,22,3,252,1,1404.06,2024-11-04 08:07:13
820,107,29.22,2023-02-27 18:33:48,1,11,635,351,55,0,27,1,69,1,7795.79,2024-11-04 08:10:28
821,259,653.97,2023-10-04 17:41:08,1,24,447,116,66,2,37,1,100,1,3886.65,2024-11-04 08:11:57
822,74,366.43,2023-01-30 16:38:59,0,32,68,421,79,2,21,3,92,1,1560.45,2024-11-04 08:09:38
823,447,233.74,2023-02-13 16:43:40,1,4,357,481,55,2,72,2,142,1,4749.54,2024-11-04 08:06:27
824,219,471.84,2023-09-29 17:31:24,1,33,159,103,79,0,18,3,138,1,1044.33,2024-11-04 08:08:45
825,176,213.4,2023-08-14 16:40:38,0,13,198,292,86,1,73,2,100,1,2012.24,2024-11-04 08:09:27
826,380,254.21,2023-05-22 16:48:08,1,31,467,103,29,0,48,1,46,1,2487.2,2024-11-04 08:10:50
827,168,577.73,2023-11-10 16:26:28,1,38,507,571,32,0,37,0,63,1,14977.99,2024-11-04 08:06:37
828,331,170.26,2023-09-25 16:58:25,1,6,428,481,52,0,27,3,265,1,1969.48,2024-11-04 08:07:32
829,396,330.61,2023-07-06 16:04:39,0,26,623,245,98,1,64,2,113,1,2525.25,2024-11-04 08:10:34
830,134,132.33,2023-11-10 16:32:24,0,31,420,558,3,0,35,1,47,1,7457.94,2024-11-04 08:08:40
831,275,672.74,2023-08-10 16:39:33,0,7,32,207,67,1,46,1,118,1,5386.52,2024-11-04 08:11:42
832,346,74.04,2023-02-23 18:23:29,1,22,101,250,93,2,18,3,66,1,1690.23,2024-11-04 08:11:29
833,488,197.18,2023-05-09 16:47:42,1,40,41,257,10,2,28,1,135,1,3114.92,2024-11-04 08:10:02
834,59,21.15,2023-11-20 16:06:10,1,8,465,168,57,1,70,2,180,1,3466.74,2024-11-04 08:09:46
835,127,218.37,2023-06-05 16:27:31,1,15,626,132,74,0,62,0,105,1,9942.24,2024-11-04 08:10:54
836,226,697.82,2023-11-27 16:10:37,1,27,361,182,91,2,44,1,153,1,6824.0,2024-11-04 08:07:11
837,348,148.0,2023-01-23 16:48:16,1,40,510,409,64,1,20,3,35,1,1488.65,2024-11-04 08:06:39
838,473,22.26,2023-01-30 18:50:00,1,35,27,333,56,1,19,3,56,1,5583.88,2024-11-04 08:08:53
839,324,0.86,2023-02-13 17:49:27,1,7,81,68,49,0,25,3,139,1,1357.22,2024-11-04 08:12:22
840,158,757.1,2023-01-23 17:22:25,1,1,642,110,70,1,65,0,203,1,10553.23,2024-11-04 08:11:06
841,48,38.81,2023-04-28 18:52:30,0,41,276,70,0,2,25,3,145,1,1619.6,2024-11-04 08:12:12
842,249,32.46,2023-03-10 18:59:46,1,5,516,160,91,2,31,0,10,1,8656.18,2024-11-04 08:09:33
843,315,20.64,2023-04-20 16:01:05,1,5,62,287,78,1,22,3,59,1,949.38,2024-11-04 08:09:17
844,440,662.11,2023-02-02 16:52:26,1,1,399,125,99,1,23,3,219,1,1996.38,2024-11-04 08:07:34
845,287,288.77,2023-11-13 16:42:16,1,20,405,579,24,0,55,1,110,1,8836.51,2024-11-04 08:09:44
846,109,35.05,2023-09-27 18:52:36,1,4,567,52,46,1,30,0,105,1,14330.47,2024-11-04 08:07:17
847,155,214.73,2023-11-10 18:28:09,0,20,102,470,60,0,46,0,26,1,5368.42,2024-11-04 08:07:39
848,423,25.38,2023-10-23 16:03:09,1,21,216,304,23,1,57,1,66,1,8616.05,2024-11-04 08:11:41
849,179,617.66,2023-01-30 16:34:16,1,22,114,10,35,0,41,1,40,1,5906.58,2024-11-04 08:10:17
850,164,446.39,2023-12-12 17:41:53,1,15,100,157,18,0,63,2,77,1,7863.6,2024-11-04 08:07:42
851,4,377.92,2023-02-22 17:29:36,1,33,347,230,28,1,33,1,204,1,2254.71,2024-11-04 08:06:53
852,453,11.04,2023-02-13 18:17:28,1,31,613,204,35,2,30,1,43,1,6983.04,2024-11-04 08:10:40
853,426,275.46,2023-07-24 17:09:05,1,13,26,389,31,0,36,0,67,1,9697.75,2024-11-04 08:12:13
854,312,179.76,2023-07-12 16:11:30,1,30,37,272,38,2,78,2,81,1,5909.52,2024-11-04 08:09:23
855,371,32.34,2023-06-21 16:52:25,1,18,597,225,79,1,44,0,45,1,7847.62,2024-11-04 08:09:28
856,128,273.92,2023-07-04 17:50:02,1,32,621,58,52,1,79,2,109,1,4543.56,2024-11-04 08:11:48
857,231,375.45,2023-12-05 17:57:39,1,13,299,450,14,1,19,3,32,1,1307.23,2024-11-04 08:08:31
858,238,388.98,2023-08-21 17:10:10,1,14,528,526,4,0,23,3,155,1,1819.91,2024-11-04 08:08:32
859,16,492.84,2023-03-01 17:43:22,1,16,494,541,80,0,25,3,38,1,577.67,2024-11-04 08:09:23
860,290,148.85,2023-11-29 16:46:49,1,23,424,157,20,0,57,0,25,1,7802.36,2024-11-04 08:08:44
861,389,391.66,2023-07-10 17:29:39,1,14,262,61,61,1,50,1,103,1,2406.31,2024-11-04 08:06:44
862,222,185.99,2023-04-24 16:49:48,0,14,649,412,25,1,41,1,53,1,402.45,2024-11-04 08:09:44
863,349,322.48,2023-03-13 16:10:41,1,17,624,328,65,0,27,3,57,1,1238.43,2024-11-04 08:11:25
864,214,20.27,2023-12-04 16:27:40,1,24,624,553,64,1,18,3,22,1,796.35,2024-11-04 08:09:38
865,471,199.02,2023-05-29 16:31:37,1,15,346,136,4,0,61,2,269,1,4658.89,2024-11-04 08:07:21
866,156,104.23,2023-10-17 16:41:39,0,21,596,29,80,2,63,2,108,1,5009.29,2024-11-04 08:09:45
867,122,55.86,2023-01-23 17:18:16,1,39,206,300,6,2,39,1,68,1,5346.46,2024-11-04 08:06:59
868,242,10.77,2023-03-08 16:58:31,1,16,246,408,95,0,31,0,178,1,10704.95,2024-11-04 08:10:45
869,292,95.55,2023-04-10 16:25:15,1,21,572,427,59,1,33,1,51,1,2434.74,2024-11-04 08:10:13
870,112,477.07,2023-11-27 16:30:37,1,8,483,535,95,2,27,1,278,1,6568.07,2024-11-04 08:07:34
871,167,9.1,2023-03-02 16:09:39,0,37,155,461,46,2,52,2,63,1,2791.45,2024-11-04 08:09:56
872,182,21.41,2023-12-04 16:27:03,1,21,90,280,61,2,57,0,99,1,658.91,2024-11-04 08:08:40
873,480,278.28,2023-10-02 16:20:52,1,17,37,141,96,1,28,3,26,1,1346.88,2024-11-04 08:07:37
874,275,388.1,2023-08-21 18:06:59,0,20,628,13,18,2,73,2,40,1,3022.12,2024-11-04 08:07:32
875,16,215.39,2023-06-21 16:23:53,1,11,392,283,18,0,27,3,216,1,1582.55,2024-11-04 08:11:13
876,489,194.37,2023-04-26 17:55:11,1,25,149,174,23,0,66,0,161,1,14395.88,2024-11-04 08:09:28
877,299,37.7,2023-06-29 16:04:17,1,24,331,201,37,0,20,3,109,1,1741.1,2024-11-04 08:12:08
878,469,19.59,2023-06-16 18:47:34,1,5,509,212,15,1,64,2,122,1,1061.69,2024-11-04 08:10:31
879,109,81.35,2023-01-23 17:39:08,1,15,236,316,27,2,41,1,103,1,7192.45,2024-11-04 08:07:04
880,311,314.54,2023-09-29 16:34:03,0,41,164,57,34,1,58,1,228,1,9923.45,2024-11-04 08:11:02
881,6,466.64,2023-09-04 16:57:31,1,19,314,87,81,0,58,0,11,1,10915.11,2024-11-04 08:09:20
882,31,397.01,2023-08-07 17:45:52,1,20,43,567,57,0,22,3,100,1,719.52,2024-11-04 08:06:31
883,447,472.48,2023-02-27 17:06:36,1,27,147,30,98,1,55,1,87,1,7128.82,2024-11-04 08:09:59
884,145,67.15,2023-11-20 17:17:05,1,16,636,268,0,2,59,0,14,1,9028.49,2024-11-04 08:10:53
885,395,102.67,2023-05-10 17:41:59,1,0,95,342,90,1,79,2,119,1,4656.94,2024-11-04 08:06:32
886,276,453.49,2023-01-02 16:06:29,1,39,453,420,87,1,66,0,147,1,6366.43,2024-11-04 08:08:56
887,80,267.17,2023-08-24 16:56:36,1,39,613,180,99,0,26,3,170,1,1382.62,2024-11-04 08:07:54
888,242,111.26,2023-08-18 17:07:18,1,4,100,106,95,0,66,0,43,1,14350.11,2024-11-04 08:07:47
889,273,121.17,2023-12-25 17:31:16,1,31,551,156,52,0,68,0,158,1,12990.77,2024-11-04 08:10:12
890,173,213.28,2023-12-25 18:29:05,1,23,33,158,87,1,51,2,94,1,4835.91,2024-11-04 08:11:27
891,157,187.88,2023-08-10 16:39:44,1,26,33,256,16,0,60,1,180,1,2154.58,2024-11-04 08:10:56
892,33,471.88,2023-10-30 18:44:22,0,38,305,91,53,2,34,0,141,1,14833.34,2024-11-04 08:07:00
893,457,83.79,2023-10-12 16:37:49,1,26,172,66,30,0,57,1,47,1,5061.3,2024-11-04 08:09:05
894,334,212.14,2023-08-14 17:28:37,1,2,260,431,46,1,72,2,105,1,7225.06,2024-11-04 08:08:46
895,234,99.16,2023-02-28 17:55:00,1,37,551,550,44,2,79,2,202,1,2607.58,2024-11-04 08:10:27
896,88,839.33,2023-05-02 16:03:23,0,21,557,221,70,1,60,0,86,1,11538.97,2024-11-04 08:09:21
897,481,4.24,2023-04-17 16:46:31,1,36,220,521,85,2,38,1,38,1,7822.73,2024-11-04 08:07:54
898,37,50.29,2023-09-18 16:13:38,0,33,479,215,27,2,58,0,64,1,7604.9,2024-11-04 08:07:16
899,469,135.85,2023-08-03 17:25:57,1,14,413,500,14,2,57,2,269,1,1480.39,2024-11-04 08:08:16
900,362,368.53,2023-04-03 16:09:09,1,33,451,388,98,1,68,0,34,1,13696.31,2024-11-04 08:06:56
901,334,17.95,2023-06-05 17:22:19,0,34,394,200,26,1,64,0,135,1,12344.9,2024-11-04 08:09:36
902,292,127.8,2023-03-02 16:05:52,0,41,360,397,25,1,31,1,47,1,8630.99,2024-11-04 08:07:02
903,339,16.73,2023-02-22 17:39:54,1,15,394,375,72,2,45,1,48,1,2202.62,2024-11-04 08:09:36
904,452,317.12,2023-12-11 16:03:50,1,13,6,471,17,1,44,0,80,1,14409.74,2024-11-04 08:08:08
905,60,476.63,2023-07-25 17:17:49,1,5,672,390,36,0,79,2,115,1,4894.25,2024-11-04 08:09:09
906,68,156.58,2023-09-18 16:03:10,1,32,78,442,82,1,24,3,160,1,8981.61,2024-11-04 08:09:39
907,180,55.12,2023-09-18 16:19:03,0,15,213,149,20,2,34,1,261,1,3791.99,2024-11-04 08:11:19
908,187,15.74,2023-01-09 16:05:02,1,10,63,101,50,1,27,3,38,1,690.16,2024-11-04 08:10:02
909,250,353.68,2023-11-06 16:32:58,1,19,590,135,29,2,70,2,145,1,6777.12,2024-11-04 08:08:35
910,306,297.15,2023-10-12 18:11:27,1,31,264,73,33,2,76,2,178,1,5449.37,2024-11-04 08:10:07
911,73,647.85,2023-12-04 16:31:42,1,29,552,584,33,1,36,0,121,1,13779.97,2024-11-04 08:09:34
912,12,75.04,2023-07-27 17:04:46,1,12,36,457,55,0,49,1,178,1,9648.6,2024-11-04 08:07:28
913,242,273.92,2023-05-08 17:54:56,1,41,579,13,85,2,28,3,35,1,1029.15,2024-11-04 08:09:46
914,324,215.8,2023-05-18 16:03:58,0,17,264,143,72,1,51,2,66,1,3656.62,2024-11-04 08:08:31
915,408,420.6,2023-04-17 16:10:19,1,21,122,255,85,1,26,3,55,1,1778.75,2024-11-04 08:09:30
916,10,688.36,2023-06-30 16:31:49,0,22,229,300,6,1,23,3,22,1,5191.13,2024-11-04 08:11:05
917,410,285.18,2023-03-08 16:39:14,0,34,495,34,83,1,55,0,150,1,14847.97,2024-11-04 08:09:38
918,171,213.55,2023-03-30 16:00:25,1,4,655,182,76,0,63,0,15,1,5238.37,2024-11-04 08:07:06
919,215,463.11,2023-09-26 16:50:05,0,19,205,449,77,1,51,0,159,1,10238.82,2024-11-04 08:07:18
920,318,150.03,2023-07-10 16:17:21,1,8,312,353,58,0,73,2,176,1,7491.42,2024-11-04 08:11:30
921,206,428.61,2023-10-09 16:00:26,1,14,264,479,48,1,51,2,131,1,2116.36,2024-11-04 08:07:48
922,332,309.56,2023-06-05 17:29:48,1,5,569,479,93,2,58,0,147,1,972.04,2024-11-04 08:09:17
923,81,377.08,2023-02-15 17:33:23,0,23,122,99,89,1,26,3,71,1,6430.86,2024-11-04 08:10:33
924,241,77.25,2023-12-22 17:49:57,1,41,140,434,58,1,68,0,157,1,14077.97,2024-11-04 08:07:50
925,191,146.92,2023-09-08 16:28:54,1,32,502,523,2,0,64,2,272,1,3990.6,2024-11-04 08:07:41
926,355,126.6,2023-05-26 16:00:45,1,35,609,360,30,1,22,3,146,1,961.65,2024-11-04 08:08:35
927,211,101.34,2023-03-03 17:49:53,1,4,481,134,67,0,24,3,46,1,703.26,2024-11-04 08:10:15
928,201,184.97,2023-06-26 16:46:41,1,10,176,115,11,1,58,0,268,1,1156.67,2024-11-04 08:11:06
929,388,451.15,2023-02-27 16:47:50,1,7,239,304,93,0,46,1,175,1,1356.47,2024-11-04 08:10:45
930,1,516.47,2023-12-21 17:00:50,0,5,403,476,25,0,25,3,94,1,1305.06,2024-11-04 08:09:51
931,332,880.04,2023-10-30 18:58:42,1,34,56,503,92,0,25,3,29,1,261.97,2024-11-04 08:07:37
932,181,353.69,2023-08-22 16:49:26,1,38,456,448,67,2,59,1,163,1,9500.79,2024-11-04 08:08:51
933,253,66.69,2023-11-01 16:03:17,0,35,599,460,42,1,25,3,140,1,1210.33,2024-11-04 08:07:16
934,162,95.75,2023-07-12 16:54:53,1,20,39,265,63,1,31,1,169,1,337.62,2024-11-04 08:07:32
935,30,43.91,2023-08-17 18:31:23,1,0,495,143,72,2,27,3,86,1,1806.68,2024-11-04 08:12:22
936,90,98.03,2023-12-18 18:41:26,1,12,672,447,94,1,54,1,165,1,6323.45,2024-11-04 08:08:36
937,478,617.66,2023-02-16 17:05:58,1,4,246,397,56,0,42,1,128,1,7155.95,2024-11-04 08:08:03
938,65,888.57,2023-06-13 16:24:43,1,35,352,274,91,2,62,2,102,1,7896.14,2024-11-04 08:10:57
939,4,107.48,2023-12-04 18:01:53,1,29,215,432,79,1,22,3,129,1,591.23,2024-11-04 08:08:11
940,286,36.57,2023-08-07 16:49:34,1,29,592,361,50,0,62,2,69,1,2583.07,2024-11-04 08:07:02
941,279,575.62,2023-06-12 18:30:51,1,28,657,56,80,2,43,0,129,1,234.41,2024-11-04 08:11:33
942,23,84.89,2023-05-22 17:27:11,1,38,593,303,17,0,37,1,70,1,4735.61,2024-11-04 08:12:16
943,305,832.3,2023-07-12 16:55:44,0,2,151,516,60,1,69,2,86,1,6617.52,2024-11-04 08:06:47
944,457,7.76,2023-03-27 17:16:08,0,19,360,213,90,2,52,2,84,1,7393.11,2024-11-04 08:12:15
945,313,109.3,2023-08-02 16:52:15,1,13,5,571,19,1,56,0,27,1,13510.11,2024-11-04 08:06:29
946,468,230.08,2023-05-01 16:23:40,1,2,44,577,5,2,79,2,124,1,4466.1,2024-11-04 08:11:47
947,189,361.92,2023-02-20 16:08:48,1,11,622,375,17,0,54,2,111,1,7474.31,2024-11-04 08:10:23
948,401,122.45,2023-01-16 16:50:13,1,27,485,64,64,1,46,0,98,1,7255.49,2024-11-04 08:07:54
949,271,642.53,2023-08-14 16:36:43,1,23,197,451,47,0,65,0,128,1,11417.91,2024-11-04 08:12:10
950,414,62.86,2023-05-08 16:24:00,1,15,262,300,89,1,25,3,31,1,1040.43,2024-11-04 08:10:33
951,224,175.21,2023-12-21 18:44:40,0,23,58,582,48,0,69,0,69,1,6039.04,2024-11-04 08:08:37
952,21,168.0,2023-08-24 16:01:40,0,40,644,513,52,1,32,1,11,1,3498.58,2024-11-04 08:12:20
953,50,11.46,2023-10-09 16:50:41,1,6,226,348,55,2,67,2,73,1,6628.75,2024-11-04 08:07:19
954,149,382.07,2023-06-05 17:48:07,0,29,306,327,90,1,62,0,147,1,10156.09,2024-11-04 08:08:17
955,342,65.32,2023-11-02 16:15:50,1,23,659,417,93,0,28,3,54,1,9165.02,2024-11-04 08:11:09
956,118,730.1,2023-07-25 18:04:46,0,6,436,263,52,1,77,2,93,1,6384.05,2024-11-04 08:06:48
957,480,85.31,2023-12-11 16:06:04,1,18,319,437,18,0,62,2,27,1,6095.65,2024-11-04 08:08:13
958,170,726.61,2023-11-03 16:31:22,1,31,139,330,80,0,18,3,277,1,1008.76,2024-11-04 08:10:14
959,87,130.4,2023-04-03 16:31:32,1,33,357,188,23,1,45,1,63,1,4381.24,2024-11-04 08:09:41
960,450,68.1,2023-01-02 16:00:06,1,25,229,578,88,0,20,3,47,1,1382.8,2024-11-04 08:10:15
961,24,65.26,2023-12-08 17:05:35,1,34,469,521,25,1,26,3,72,1,7380.63,2024-11-04 08:10:54
962,156,191.62,2023-07-28 17:19:48,1,17,638,192,15,1,63,0,51,1,1981.67,2024-11-04 08:07:04
963,39,212.88,2023-05-19 18:44:23,1,14,638,238,61,2,39,0,122,1,7036.72,2024-11-04 08:11:36
964,452,88.38,2023-01-17 16:10:33,1,41,98,260,25,0,30,1,138,1,3707.82,2024-11-04 08:08:14
965,243,48.77,2023-06-15 17:49:07,0,2,264,34,12,2,42,1,51,1,2040.16,2024-11-04 08:08:21
966,350,289.1,2023-07-11 16:08:55,1,3,578,20,63,0,27,3,206,1,267.53,2024-11-04 08:09:54
967,63,390.09,2023-10-09 16:52:40,1,12,567,443,56,2,26,1,49,1,2617.23,2024-11-04 08:10:14
968,244,48.29,2023-09-25 17:58:54,1,36,285,358,59,2,37,1,242,1,8883.4,2024-11-04 08:07:56
969,490,333.83,2023-07-31 17:46:50,1,14,62,71,96,0,63,2,135,1,1660.66,2024-11-04 08:11:07
970,436,100.27,2023-07-10 17:25:41,1,24,288,122,44,2,79,2,51,1,4309.9,2024-11-04 08:10:38
971,243,44.54,2023-10-16 16:23:58,1,35,45,542,47,0,31,1,164,1,362.4,2024-11-04 08:07:59
972,339,82.17,2023-12-18 18:25:05,1,13,644,85,95,1,28,3,21,1,1913.06,2024-11-04 08:09:37
973,327,447.42,2023-12-18 16:32:56,1,5,270,336,55,2,32,1,65,1,6133.22,2024-11-04 08:08:15
974,442,590.26,2023-06-19 16:20:40,0,2,499,206,88,1,25,3,48,1,1068.28,2024-11-04 08:08:42
975,100,192.73,2023-10-16 16:51:25,1,25,374,236,26,1,71,2,157,1,2037.75,2024-11-04 08:11:39
976,197,146.01,2023-04-25 16:28:35,1,37,261,514,16,2,26,3,269,1,221.79,2024-11-04 08:09:53
977,84,11.57,2023-12-20 16:17:16,0,27,530,55,36,1,56,2,64,1,2061.61,2024-11-04 08:10:56
978,137,102.34,2023-05-18 16:19:38,1,35,360,58,75,2,51,0,78,1,9326.28,2024-11-04 08:09:36
979,152,7.82,2023-01-09 17:56:30,1,4,62,422,89,0,36,1,273,1,2240.49,2024-11-04 08:09:35
980,397,79.43,2023-07-24 17:30:24,1,9,376,120,8,0,74,2,72,1,6579.37,2024-11-04 08:07:37
981,325,386.97,2023-01-31 16:51:55,1,33,311,23,97,1,58,2,137,1,1876.35,2024-11-04 08:06:24
982,356,51.22,2023-06-29 16:11:08,1,14,82,448,39,1,23,3,82,1,1664.59,2024-11-04 08:10:07
983,417,256.05,2023-06-07 16:26:52,1,26,293,415,8,0,54,2,35,1,6910.18,2024-11-04 08:11:46
984,281,7.79,2023-06-16 17:33:15,1,20,208,358,96,1,34,0,298,1,1319.85,2024-11-04 08:09:15
985,327,233.71,2023-10-03 17:06:56,1,21,458,402,72,1,63,0,11,1,6095.5,2024-11-04 08:08:48
986,78,176.37,2023-01-16 16:38:57,1,4,481,79,56,1,55,2,126,1,2420.86,2024-11-04 08:07:09
987,148,122.63,2023-04-20 18:39:10,1,25,110,352,28,1,21,3,153,1,359.06,2024-11-04 08:10:10
988,435,86.41,2023-03-27 17:54:30,1,14,60,205,98,0,75,2,125,1,3128.71,2024-11-04 08:11:25
989,193,21.57,2023-10-26 16:11:13,1,37,630,98,70,0,54,2,71,1,7587.48,2024-11-04 08:09:29
990,438,82.67,2023-08-25 16:40:17,1,25,449,243,13,1,26,3,46,1,290.59,2024-11-04 08:07:11
991,290,451.35,2023-09-05 18:45:04,0,3,423,428,27,1,47,1,223,1,7707.96,2024-11-04 08:07:07
992,155,299.42,2023-12-04 17:25:18,0,38,496,90,4,1,63,2,53,1,4735.41,2024-11-04 08:09:38
993,450,543.47,2023-08-14 17:18:07,1,20,371,175,91,0,18,3,122,1,6165.03,2024-11-04 08:11:42
994,266,346.76,2023-12-29 16:32:37,0,38,289,412,54,1,21,3,116,1,1637.75,2024-11-04 08:09:55
995,456,47.48,2023-02-20 16:47:23,1,12,193,284,26,1,24,3,66,1,585.52,2024-11-04 08:08:50
996,305,64.92,2023-05-19 18:47:11,1,1,108,246,81,1,58,1,236,1,5481.76,2024-11-04 08:11:10
997,186,350.72,2023-08-02 16:37:39,0,14,654,438,34,0,28,3,48,1,1982.9,2024-11-04 08:07:16
998,323,3.8,2023-08-01 16:13:25,1,5,277,531,56,2,65,0,174,1,5766.96,2024-11-04 08:12:18
999,55,22.54,2023-08-29 16:19:14,1,12,74,178,43,2,26,1,42,1,7139.11,2024-11-04 08:10:34
1000,354,767.14,2023-08-29 16:24:23,0,23,424,173,38,1,62,2,38,1,4732.57,2024-11-04 08:08:42
1001,206,167.47,2023-12-01 17:45:19,1,34,1,222,23,0,35,1,103,1,2293.13,2024-11-04 08:12:04
1002,384,43.65,2023-10-30 16:23:34,0,5,230,425,65,1,30,1,212,1,2870.67,2024-11-04 08:11:55
1003,59,391.08,2023-04-28 17:12:06,1,14,281,400,28,2,56,2,105,1,6885.16,2024-11-04 08:10:52
1004,339,390.77,2023-10-30 16:02:32,1,32,528,233,44,2,44,0,34,1,5500.56,2024-11-04 08:09:06
1005,249,508.16,2023-03-28 18:19:10,1,23,9,510,37,0,39,1,131,1,5609.44,2024-11-04 08:09:54
1006,266,36.76,2023-04-10 16:51:43,0,30,364,472,52,2,65,2,108,1,1228.93,2024-11-04 08:12:08
1007,445,332.33,2023-06-20 17:05:38,1,18,126,457,38,0,27,3,101,1,192.63,2024-11-04 08:11:27
1008,59,362.09,2023-02-27 16:59:07,1,27,432,249,92,1,32,1,31,1,6590.28,2024-11-04 08:07:38
1009,240,42.58,2023-02-06 16:32:53,1,38,371,339,56,2,30,0,80,1,13485.0,2024-11-04 08:10:23
1010,103,122.35,2023-04-12 17:50:15,0,1,624,353,7,1,53,2,188,1,6472.5,2024-11-04 08:09:08
1011,120,248.66,2023-02-03 17:46:54,1,6,127,222,57,2,28,1,113,1,2571.39,2024-11-04 08:11:30
1012,199,461.25,2023-08-28 17:32:47,0,34,589,100,43,2,54,0,171,1,676.1,2024-11-04 08:09:11
1013,417,61.77,2023-09-28 17:06:32,1,5,314,465,81,1,56,0,49,1,12352.2,2024-11-04 08:11:35
1014,356,268.92,2023-08-14 16:32:28,1,6,125,296,21,1,29,1,148,1,8765.38,2024-11-04 08:06:36
1015,201,219.02,2024-01-01 16:30:58,0,36,425,248,92,2,54,1,68,1,7375.73,2024-11-04 08:09:13
1016,363,125.14,2023-08-28 17:19:18,1,3,131,443,79,1,20,3,31,1,1845.18,2024-11-04 08:10:42
1017,359,47.6,2023-02-23 18:42:51,1,2,569,189,25,2,53,1,115,1,1382.51,2024-11-04 08:08:20
1018,61,592.82,2023-09-14 17:25:49,1,22,433,271,75,2,74,2,248,1,7508.98,2024-11-04 08:12:14
1019,449,372.5,2023-10-16 18:15:48,1,26,603,315,72,0,22,3,211,1,3901.82,2024-11-04 08:10:26
1020,409,4.72,2023-04-17 16:03:52,1,13,587,437,50,1,32,1,20,1,4792.01,2024-11-04 08:09:28
1021,274,144.93,2023-05-16 16:32:00,1,14,134,113,92,1,42,1,74,1,6887.52,2024-11-04 08:09:18
1022,257,316.56,2023-08-29 18:30:14,1,10,440,82,51,2,28,1,261,1,8643.51,2024-11-04 08:09:57
1023,301,9.18,2023-07-06 18:10:59,1,37,515,546,95,2,22,3,140,1,887.32,2024-11-04 08:09:48
1024,162,421.25,2023-01-05 16:13:59,1,13,405,158,6,2,25,3,66,1,7174.69,2024-11-04 08:07:46
1025,231,185.71,2023-08-07 16:15:16,1,41,610,393,83,1,48,1,194,1,2679.91,2024-11-04 08:09:41
1026,15,26.27,2023-03-17 16:22:52,0,32,319,490,26,2,45,1,177,1,8853.93,2024-11-04 08:10:21
1027,380,297.03,2023-09-08 17:08:30,1,2,316,291,40,2,61,2,151,1,1088.62,2024-11-04 08:10:10
1028,150,99.52,2023-04-10 17:49:04,1,36,322,369,82,0,52,1,127,1,3798.09,2024-11-04 08:11:40
1029,19,881.1,2023-11-13 16:46:06,1,31,298,557,92,1,28,3,16,1,9951.68,2024-11-04 08:08:10
1030,354,139.69,2023-06-15 17:22:42,1,16,482,132,24,2,52,1,180,1,9567.94,2024-11-04 08:07:56
1031,281,42.72,2023-08-17 16:55:10,1,26,188,244,0,0,37,1,143,1,2669.66,2024-11-04 08:06:59
1032,236,112.72,2023-03-27 16:34:18,1,42,579,258,27,1,31,0,17,1,9630.0,2024-11-04 08:12:19
1033,326,568.88,2023-02-10 16:28:47,1,26,309,336,75,1,19,3,105,1,1307.86,2024-11-04 08:08:34
1034,253,189.03,2023-04-20 17:54:10,1,28,73,425,45,0,28,3,50,1,1916.46,2024-11-04 08:09:07
1035,38,199.8,2023-07-24 16:18:50,1,11,136,401,37,0,20,3,163,1,167.28,2024-11-04 08:11:34
1036,141,189.08,2023-03-13 16:13:13,1,24,616,328,10,1,68,0,238,1,10790.8,2024-11-04 08:08:48
1037,50,409.59,2023-03-20 16:08:11,1,0,413,103,41,2,35,0,50,1,14563.02,2024-11-04 08:11:25
1038,346,349.34,2023-01-09 16:53:25,0,16,385,295,46,0,28,3,245,1,614.14,2024-11-04 08:10:29
1039,249,283.15,2023-08-11 16:31:43,1,3,366,405,88,2,24,3,180,1,603.79,2024-11-04 08:11:16
1040,98,151.82,2023-07-17 16:32:45,1,6,334,192,12,0,51,2,105,1,2197.12,2024-11-04 08:11:54
1041,406,438.59,2023-10-30 17:48:09,1,38,334,274,34,2,37,1,103,1,8994.39,2024-11-04 08:09:32
1042,11,590.57,2023-06-28 16:07:37,1,25,520,145,49,0,79,2,93,1,3224.6,2024-11-04 08:07:19
1043,347,63.74,2023-09-12 17:50:26,1,6,633,7,91,2,63,2,31,1,4336.4,2024-11-04 08:08:53
1044,439,77.02,2023-08-17 16:18:22,0,24,539,282,52,2,59,0,132,1,800.83,2024-11-04 08:07:54
1045,276,501.15,2023-08-21 18:07:14,1,31,310,233,87,1,47,1,208,1,8821.84,2024-11-04 08:11:33
1046,373,8.95,2023-10-04 16:01:18,1,28,661,28,7,2,76,2,102,1,3299.84,2024-11-04 08:09:45
1047,106,173.6,2023-11-28 16:38:08,1,2,161,148,42,2,21,3,160,1,421.44,2024-11-04 08:09:35
1048,238,149.4,2023-05-02 16:30:52,1,6,76,152,38,0,53,2,123,1,1035.22,2024-11-04 08:10:16
1049,30,388.21,2023-12-19 16:39:57,0,8,370,125,12,1,53,0,237,1,9724.49,2024-11-04 08:08:17
1050,453,126.04,2023-06-19 16:38:13,0,5,251,359,18,1,65,2,167,1,6041.69,2024-11-04 08:08:06
1051,304,52.04,2023-07-27 16:28:26,0,7,299,20,69,1,50,0,31,1,8436.12,2024-11-04 08:07:38
1052,107,389.7,2023-03-10 16:40:00,0,2,406,155,29,1,62,0,216,1,7125.15,2024-11-04 08:10:42
1053,387,161.1,2023-04-10 17:28:48,0,24,0,60,1,0,19,3,104,1,239.12,2024-11-04 08:10:34
1054,172,309.77,2023-05-08 16:31:56,0,35,367,417,9,2,67,2,137,1,4378.14,2024-11-04 08:06:24
1055,9,838.57,2023-06-26 16:08:25,1,31,413,53,39,0,41,0,273,1,14576.47,2024-11-04 08:11:25
1056,471,724.18,2023-02-06 16:07:26,1,13,142,15,1,1,41,0,134,1,10922.78,2024-11-04 08:08:21
1057,404,124.98,2023-02-21 16:52:16,1,42,407,418,61,0,24,3,78,1,642.0,2024-11-04 08:08:27
1058,42,487.32,2023-10-19 18:11:23,1,18,332,403,4,1,52,0,164,1,7707.96,2024-11-04 08:09:23
1059,483,635.91,2023-11-28 16:55:41,0,17,272,157,73,1,46,0,78,1,13267.09,2024-11-04 08:10:43
1060,337,205.65,2023-07-13 16:44:25,1,15,103,164,79,1,62,2,144,1,3582.16,2024-11-04 08:09:27
1061,456,39.41,2023-11-27 16:27:56,1,21,343,473,29,1,25,3,132,1,921.91,2024-11-04 08:11:02
1062,262,254.0,2023-05-15 17:33:32,1,26,419,449,97,1,35,0,63,1,5788.53,2024-11-04 08:08:07
1063,357,436.8,2023-11-16 16:30:01,1,15,32,151,97,1,36,1,213,1,4515.43,2024-11-04 08:06:59
1064,208,224.73,2023-02-09 16:27:52,1,24,4,380,1,1,76,2,63,1,7551.89,2024-11-04 08:08:39
1065,201,752.69,2023-05-29 18:55:01,0,9,177,3,55,0,65,0,115,1,14489.69,2024-11-04 08:09:14
1066,450,78.5,2023-02-14 16:06:36,0,38,552,196,6,1,31,0,41,1,13991.5,2024-11-04 08:11:54
1067,15,50.0,2023-02-24 18:05:12,0,17,298,145,17,0,53,0,87,1,185.87,2024-11-04 08:11:22
1068,91,132.42,2023-07-24 16:22:38,1,10,18,309,68,0,18,3,164,1,726.39,2024-11-04 08:11:58
1069,395,11.67,2023-11-13 16:30:21,1,13,16,429,77,1,76,2,105,1,7458.63,2024-11-04 08:10:20
1070,360,83.16,2023-08-16 16:11:56,1,20,36,437,90,0,61,2,177,1,3065.87,2024-11-04 08:08:46
1071,105,149.02,2023-09-01 16:35:51,0,13,333,295,18,1,46,1,176,1,9379.72,2024-11-04 08:06:40
1072,58,74.27,2023-07-13 17:17:07,0,22,243,263,89,2,59,0,148,1,13696.61,2024-11-04 08:11:20
1073,378,876.57,2023-09-11 16:16:06,0,32,346,280,55,0,62,2,118,1,3743.63,2024-11-04 08:06:54
1074,477,615.58,2023-09-25 16:40:00,1,17,624,205,58,0,42,0,133,1,14343.0,2024-11-04 08:10:55
1075,124,643.03,2023-08-01 16:23:37,0,17,367,15,1,2,36,1,52,1,2882.16,2024-11-04 08:08:22
1076,431,7.95,2023-01-09 16:45:12,1,31,145,11,86,0,79,2,65,1,5631.2,2024-11-04 08:10:06
1077,376,270.92,2023-04-21 17:03:13,0,21,106,214,65,1,77,2,143,1,4574.43,2024-11-04 08:06:51
1078,334,499.48,2023-01-17 16:57:06,1,5,236,299,11,0,24,3,133,1,1242.62,2024-11-04 08:08:44
1079,491,841.5,2023-05-22 16:33:16,0,1,634,320,19,1,25,3,287,1,352.31,2024-11-04 08:09:07
1080,175,138.82,2023-10-16 16:12:20,1,13,473,548,29,2,77,2,53,1,3100.22,2024-11-04 08:11:48
1081,198,231.46,2023-06-08 16:42:30,0,24,133,521,46,1,60,1,83,1,4707.24,2024-11-04 08:08:31
1082,122,292.08,2023-12-29 18:07:04,1,8,606,350,66,0,72,2,32,1,7950.48,2024-11-04 08:09:34
1083,398,63.98,2023-10-30 16:01:43,1,3,148,235,25,2,54,0,258,1,7954.12,2024-11-04 08:06:53
1084,341,235.21,2023-10-16 16:44:52,1,4,290,22,6,1,67,0,74,1,5946.61,2024-11-04 08:10:59
1085,474,201.73,2023-09-05 18:45:22,1,3,240,341,95,2,57,1,78,1,6650.71,2024-11-04 08:12:07
1086,298,161.31,2023-09-11 16:24:57,1,26,555,398,50,0,28,3,13,1,1268.67,2024-11-04 08:08:54
1087,244,18.41,2023-12-01 17:26:46,1,1,27,473,71,1,53,0,168,1,8287.54,2024-11-04 08:11:30
1088,258,471.75,2023-06-06 18:31:06,0,38,426,10,47,1,34,0,41,1,12948.5,2024-11-04 08:10:54
1089,106,290.02,2023-09-25 17:48:55,1,25,389,220,4,1,55,1,246,1,4746.71,2024-11-04 08:07:56
1090,483,48.05,2023-05-18 17:34:20,1,27,643,76,59,1,27,1,38,1,5334.97,2024-11-04 08:09:07
1091,405,359.42,2023-05-29 16:17:37,1,3,546,364,88,1,55,0,30,1,1765.45,2024-11-04 08:06:42
1092,85,32.91,2023-05-04 16:37:01,1,13,453,463,35,2,19,3,255,1,427.3,2024-11-04 08:06:44
1093,193,3.8,2023-08-08 16:47:28,1,10,594,466,73,1,67,2,140,1,6285.39,2024-11-04 08:08:31
1094,262,31.81,2023-04-06 17:41:53,1,13,616,131,32,2,51,2,149,1,1406.6,2024-11-04 08:06:48
1095,262,220.2,2023-09-11 16:25:04,1,4,279,365,46,2,28,3,102,1,1075.15,2024-11-04 08:11:18
1096,123,476.03,2023-09-01 16:12:35,0,15,452,86,2,1,77,2,99,1,5958.34,2024-11-04 08:09:08
1097,422,141.91,2023-01-19 17:08:04,1,24,68,150,50,1,23,3,49,1,791.97,2024-11-04 08:09:42
1098,471,95.83,2023-12-01 16:01:26,1,42,87,91,69,2,27,3,91,1,1726.4,2024-11-04 08:08:23
1099,411,51.15,2023-03-01 17:26:49,0,20,209,360,18,1,46,1,199,1,8992.25,2024-11-04 08:10:54
1100,145,50.75,2023-08-14 18:14:23,1,4,617,165,17,0,62,0,185,1,8271.47,2024-11-04 08:07:41
1101,95,185.07,2023-12-19 16:57:40,1,7,310,520,61,1,22,3,159,1,636.42,2024-11-04 08:07:39
1102,427,293.54,2023-01-16 17:26:12,1,34,248,173,25,2,40,1,45,1,2290.1,2024-11-04 08:08:24
1103,375,23.38,2023-09-25 18:46:41,1,22,395,479,61,1,32,1,89,1,9968.49,2024-11-04 08:09:41
1104,392,285.26,2023-11-01 16:09:05,1,1,135,495,61,0,28,3,93,1,167.72,2024-11-04 08:11:15
1105,28,129.48,2023-02-06 16:30:43,1,39,303,22,0,0,31,1,179,1,7581.7,2024-11-04 08:10:43
1106,286,743.03,2023-07-27 16:55:39,1,27,101,517,49,0,50,1,174,1,4111.38,2024-11-04 08:09:19
1107,425,297.86,2023-02-06 17:32:04,0,25,402,315,69,0,28,3,96,1,1680.14,2024-11-04 08:11:40
1108,270,231.92,2023-07-10 18:00:56,1,16,271,440,48,0,66,0,12,1,5715.08,2024-11-04 08:11:27
1109,91,295.82,2023-12-14 16:15:28,0,6,86,121,40,1,47,1,46,1,5897.73,2024-11-04 08:07:47
1110,436,302.86,2023-07-03 18:56:03,1,20,3,122,80,2,55,0,275,1,5239.24,2024-11-04 08:12:06
1111,459,81.08,2023-09-19 16:56:35,1,29,191,64,88,0,58,1,56,1,7788.91,2024-11-04 08:07:17
1112,156,775.6,2023-08-21 17:43:17,0,23,602,515,69,1,79,2,158,1,3898.64,2024-11-04 08:08:12
1113,329,178.43,2023-12-26 18:13:56,1,3,155,0,40,1,26,3,136,1,1214.93,2024-11-04 08:07:58
1114,91,211.91,2023-09-18 16:51:04,1,16,467,198,74,2,20,3,181,1,927.47,2024-11-04 08:08:46
1115,225,17.21,2023-12-25 17:18:58,1,29,593,64,3,2,23,3,219,1,914.16,2024-11-04 08:06:59
1116,367,124.22,2023-05-19 17:57:36,1,5,503,85,12,0,23,3,172,1,9695.04,2024-11-04 08:08:04
1117,323,38.37,2023-09-01 16:07:38,1,35,222,99,2,0,63,0,135,1,8647.04,2024-11-04 08:10:04
1118,158,269.79,2023-10-03 16:15:25,1,38,197,543,12,0,52,1,17,1,1292.1,2024-11-04 08:07:59
1119,13,605.42,2023-06-13 16:10:27,1,23,468,370,84,0,21,3,33,1,392.34,2024-11-04 08:09:40
1120,88,11.19,2023-01-02 17:34:13,1,2,367,282,89,0,60,1,40,1,9877.17,2024-11-04 08:12:22
1121,51,29.19,2023-01-25 17:39:15,0,26,290,129,3,1,58,0,41,1,12059.85,2024-11-04 08:11:34
1122,472,701.7,2023-06-30 16:57:37,0,39,36,276,54,2,61,2,64,1,6643.24,2024-11-04 08:09:49
1123,350,862.34,2023-05-25 16:16:02,1,18,135,446,69,1,57,0,72,1,9903.48,2024-11-04 08:12:05
1124,239,410.97,2023-09-25 17:01:56,1,20,298,137,25,0,22,3,45,1,151.42,2024-11-04 08:11:11
1125,101,36.97,2023-08-23 17:22:49,1,41,525,223,86,1,41,1,79,1,2850.92,2024-11-04 08:07:48
1126,51,137.59,2023-01-03 16:27:16,1,26,422,182,64,0,30,0,95,1,10679.67,2024-11-04 08:11:30
1127,149,168.11,2023-05-19 16:44:53,0,27,49,130,14,2,51,0,12,1,10652.13,2024-11-04 08:06:59
1128,487,430.98,2023-10-10 18:14:12,1,3,172,205,57,1,24,3,93,1,569.25,2024-11-04 08:11:00
1129,216,13.87,2023-12-11 18:32:40,1,31,645,408,76,1,24,3,20,1,954.83,2024-11-04 08:07:47
1130,199,642.68,2023-05-25 16:45:31,1,17,618,116,59,0,76,2,66,1,1831.2,2024-11-04 08:10:37
1131,280,302.82,2023-11-03 16:50:20,1,17,281,528,19,0,36,1,175,1,9384.54,2024-11-04 08:07:31
1132,71,406.81,2023-12-05 16:32:49,1,27,72,320,15,2,66,2,84,1,1968.36,2024-11-04 08:08:46
1133,377,256.3,2023-04-05 16:21:59,1,27,97,90,65,2,53,2,172,1,4203.05,2024-11-04 08:06:23
1134,321,80.96,2023-09-27 17:47:10,0,17,175,541,77,2,19,3,97,1,959.94,2024-11-04 08:06:25
1135,151,95.78,2023-03-23 17:09:53,1,1,206,361,60,2,22,3,27,1,271.64,2024-11-04 08:09:16
1136,454,379.54,2023-01-03 17:14:14,0,16,643,25,39,1,41,0,118,1,12571.76,2024-11-04 08:06:23
1137,433,903.19,2023-07-06 17:52:32,1,12,277,221,27,2,22,3,65,1,8627.08,2024-11-04 08:06:37
1138,84,847.45,2023-06-19 16:24:14,1,17,451,148,41,1,28,3,175,1,422.32,2024-11-04 08:09:30
1139,325,295.18,2023-05-09 17:54:39,0,9,124,299,99,1,66,0,31,1,12961.53,2024-11-04 08:07:53
1140,26,18.46,2023-11-20 16:29:14,1,5,131,196,31,1,68,2,213,1,6381.6,2024-11-04 08:10:17
1141,19,603.23,2023-08-24 17:34:13,1,11,232,411,16,1,28,3,48,1,117.98,2024-11-04 08:08:18
1142,228,54.5,2023-11-22 16:59:09,0,30,49,487,81,1,57,2,147,1,1715.22,2024-11-04 08:08:27
1143,242,414.77,2024-01-01 17:37:04,1,37,555,447,13,2,29,0,274,1,5599.81,2024-11-04 08:08:05
1144,134,886.19,2023-08-21 17:32:04,1,7,590,55,80,1,61,2,69,1,7904.24,2024-11-04 08:08:29
1145,317,440.03,2023-11-29 16:11:50,1,38,548,452,98,2,49,1,88,1,1490.44,2024-11-04 08:10:19
1146,455,35.46,2023-03-23 16:16:29,1,26,237,276,4,0,56,2,285,1,1532.72,2024-11-04 08:07:26
1147,77,76.39,2023-01-13 17:19:33,1,10,487,101,18,1,18,3,219,1,5976.0,2024-11-04 08:10:09
1148,173,595.91,2023-08-10 18:39:04,0,35,62,300,84,0,19,3,162,1,1673.76,2024-11-04 08:10:21
1149,411,6.03,2023-08-09 18:42:25,1,6,345,555,34,1,76,2,70,1,3290.72,2024-11-04 08:09:27
1150,255,249.34,2023-08-15 17:21:47,1,5,478,149,87,0,26,1,197,1,3030.97,2024-11-04 08:07:57
1151,465,421.52,2023-08-15 17:35:08,1,38,34,227,63,1,20,3,67,1,369.86,2024-11-04 08:10:21
1152,227,189.77,2023-02-27 16:08:40,1,33,281,58,10,1,58,1,24,1,6570.36,2024-11-04 08:11:28
1153,181,73.19,2023-10-18 16:20:15,1,1,66,149,24,1,76,2,213,1,2264.98,2024-11-04 08:10:26
1154,469,188.13,2023-06-02 18:12:29,0,17,154,223,90,2,75,2,198,1,5029.87,2024-11-04 08:10:08
1155,324,30.52,2023-05-19 17:19:00,1,17,506,16,4,1,62,0,122,1,12327.74,2024-11-04 08:07:18
1156,218,170.24,2023-06-05 16:24:12,1,37,148,439,49,1,62,2,133,1,5172.99,2024-11-04 08:08:04
1157,294,56.62,2023-02-27 17:59:36,1,2,457,442,68,1,54,0,121,1,8981.1,2024-11-04 08:08:45
1158,261,53.14,2023-04-21 17:19:56,1,19,414,54,61,0,34,0,70,1,7915.0,2024-11-04 08:07:15
1159,292,587.23,2023-07-31 17:54:28,1,29,9,453,6,2,27,3,144,1,500.84,2024-11-04 08:09:21
1160,367,146.15,2023-01-06 17:52:11,1,31,615,483,97,1,43,0,75,1,13784.4,2024-11-04 08:06:59
1161,482,21.27,2023-07-24 17:01:19,0,16,369,287,69,2,62,2,114,1,7392.79,2024-11-04 08:09:54
1162,403,76.02,2023-07-12 16:58:17,0,0,619,234,86,2,34,0,189,1,14765.41,2024-11-04 08:11:51
1163,354,155.51,2023-08-21 18:51:06,1,33,7,293,80,0,68,0,15,1,5360.19,2024-11-04 08:08:23
1164,416,135.15,2023-03-20 17:13:09,1,7,614,521,99,2,72,2,50,1,5878.14,2024-11-04 08:10:37
1165,222,39.48,2023-05-26 16:47:51,1,29,418,150,16,0,56,2,38,1,5889.51,2024-11-04 08:11:50
1166,256,451.68,2023-04-18 18:55:32,1,15,111,329,71,2,33,1,15,1,4381.54,2024-11-04 08:09:51
1167,462,19.11,2023-09-18 16:31:03,0,7,526,140,6,2,49,1,160,1,8478.46,2024-11-04 08:11:45
1168,136,355.0,2023-08-29 16:50:17,0,13,51,52,52,2,26,3,33,1,185.47,2024-11-04 08:10:34
1169,12,427.69,2023-03-28 16:02:03,1,33,334,368,87,0,43,1,236,1,2443.54,2024-11-04 08:11:53
1170,270,254.86,2023-01-26 17:21:46,1,4,286,475,12,1,23,3,102,1,699.9,2024-11-04 08:11:39
1171,123,19.48,2023-07-10 16:01:03,1,9,649,169,1,0,27,1,114,1,4739.59,2024-11-04 08:08:46
1172,197,190.17,2023-06-09 17:41:13,1,3,450,138,42,0,49,0,265,1,12893.85,2024-11-04 08:08:48
1173,210,91.38,2023-04-03 16:41:47,1,17,586,188,12,0,65,2,179,1,2402.58,2024-11-04 08:06:39
1174,33,206.63,2023-12-07 16:11:01,0,28,233,53,22,2,59,2,128,1,7626.53,2024-11-04 08:10:42
1175,68,93.22,2023-04-07 17:11:35,1,5,138,511,29,2,52,2,52,1,1014.63,2024-11-04 08:09:41
1176,270,547.98,2023-10-24 17:04:59,1,28,212,527,69,0,28,3,171,1,1358.54,2024-11-04 08:09:19
1177,58,641.06,2023-12-11 16:09:08,1,7,56,55,98,0,23,3,25,1,1602.13,2024-11-04 08:07:21
1178,366,836.45,2023-02-27 16:02:00,1,41,94,158,42,2,61,2,63,1,1731.89,2024-11-04 08:12:12
1179,459,189.45,2023-03-21 17:12:03,0,4,82,495,7,1,53,0,62,1,12578.75,2024-11-04 08:09:31
1180,390,91.84,2023-07-05 17:21:56,0,23,282,377,22,1,67,2,80,1,1712.41,2024-11-04 08:08:32
1181,81,609.52,2023-07-28 16:03:27,1,42,647,76,75,0,78,2,169,1,3485.03,2024-11-04 08:08:19
1182,473,859.3,2023-08-01 17:18:04,0,7,66,523,65,1,78,2,68,1,1146.78,2024-11-04 08:06:56
1183,89,100.01,2023-06-29 16:06:51,1,30,479,543,60,0,50,0,63,1,6393.12,2024-11-04 08:09:27
1184,23,28.78,2023-08-07 16:08:04,0,40,40,244,95,2,40,0,51,1,680.55,2024-11-04 08:11:39
1185,360,111.08,2023-05-15 17:46:13,1,6,473,224,63,2,70,0,83,1,7037.34,2024-11-04 08:10:59
1186,30,52.23,2023-09-11 18:08:19,0,37,86,152,15,1,28,3,96,1,105.01,2024-11-04 08:08:11
1187,134,78.62,2023-07-31 16:46:29,1,28,501,536,83,1,32,0,52,1,1360.85,2024-11-04 08:08:12
1188,0,47.79,2023-09-15 17:00:20,1,10,624,474,33,1,25,3,37,1,1649.92,2024-11-04 08:11:55
1189,184,333.97,2023-03-22 16:18:37,1,14,294,587,10,1,52,0,45,1,5237.36,2024-11-04 08:11:48
1190,446,30.87,2023-07-12 16:50:42,1,14,14,399,24,0,33,0,295,1,14348.65,2024-11-04 08:10:43
1191,34,710.43,2023-03-08 17:07:21,1,36,381,256,6,2,67,2,115,1,5625.55,2024-11-04 08:08:42
1192,123,220.23,2023-09-18 18:35:23,1,25,638,260,58,0,41,1,48,1,3438.02,2024-11-04 08:06:33
1193,397,27.28,2023-12-25 16:30:45,1,1,81,271,69,0,29,0,96,1,10668.24,2024-11-04 08:09:42
1194,259,101.52,2023-08-09 16:22:25,1,40,1,493,85,0,49,1,98,1,2018.9,2024-11-04 08:08:38
1195,121,162.65,2023-05-11 17:15:10,1,27,165,42,87,0,59,1,147,1,9500.95,2024-11-04 08:11:20
1196,293,10.52,2023-07-19 17:38:50,1,18,135,1,18,0,55,2,30,1,2472.99,2024-11-04 08:11:06
1197,230,270.72,2023-03-27 17:25:32,1,20,147,126,26,1,38,0,37,1,6522.47,2024-11-04 08:12:10
1198,254,202.34,2023-01-10 16:32:06,1,27,22,127,48,2,20,3,134,1,1223.45,2024-11-04 08:11:25
1199,324,247.58,2023-05-29 18:40:32,1,35,110,392,67,0,39,1,152,1,778.74,2024-11-04 08:07:18
1200,476,686.17,2023-10-03 17:27:25,1,10,101,294,29,0,61,2,96,1,2246.15,2024-11-04 08:07:37
1201,19,359.65,2023-01-12 17:58:56,0,17,131,437,84,2,25,3,289,1,219.53,2024-11-04 08:09:04
1202,447,109.91,2023-05-01 16:23:22,1,39,497,218,73,1,38,0,90,1,12896.06,2024-11-04 08:10:57
1203,361,215.72,2023-10-11 18:04:39,0,8,657,572,31,1,30,1,137,1,8697.11,2024-11-04 08:11:54
1204,165,490.76,2023-01-19 16:28:08,1,8,188,208,47,2,66,2,156,1,6414.11,2024-11-04 08:09:44
1205,108,224.28,2023-02-15 16:50:13,1,6,304,257,67,2,64,2,68,1,5767.51,2024-11-04 08:10:52
1206,76,614.03,2023-05-08 16:37:14,1,9,668,473,85,0,68,2,51,1,2815.86,2024-11-04 08:08:12
1207,209,608.79,2023-11-03 18:37:18,1,13,382,166,14,2,55,1,157,1,2991.17,2024-11-04 08:12:18
1208,49,186.55,2023-06-21 16:49:10,1,30,48,483,2,1,48,1,288,1,224.65,2024-11-04 08:07:18
1209,245,840.16,2023-03-20 16:35:53,0,7,667,364,13,1,20,3,68,1,1236.76,2024-11-04 08:12:12
1210,299,203.34,2023-12-20 17:13:50,1,31,56,507,60,0,60,0,66,1,13586.99,2024-11-04 08:09:43
1211,6,90.88,2023-11-20 17:08:33,1,7,84,223,70,0,26,1,284,1,7117.35,2024-11-04 08:10:50
1212,16,60.11,2023-11-27 17:39:39,0,0,611,530,66,1,61,2,122,1,7235.87,2024-11-04 08:08:09
1213,156,393.92,2023-05-16 16:57:35,1,22,484,114,60,1,72,2,47,1,7318.64,2024-11-04 08:12:07
1214,108,19.39,2023-11-17 16:39:20,1,7,284,305,61,0,43,0,45,1,9847.6,2024-11-04 08:11:24
1215,172,557.41,2023-04-14 16:52:23,0,42,176,278,86,2,80,2,49,1,2968.75,2024-11-04 08:09:54
1216,77,57.07,2023-08-25 16:30:02,0,4,244,56,26,2,31,0,99,1,9323.71,2024-11-04 08:11:35
1217,397,395.27,2023-08-07 16:38:52,0,24,44,147,84,2,18,3,167,1,1764.08,2024-11-04 08:08:21
1218,224,289.05,2023-06-09 17:58:00,1,27,473,221,87,0,75,2,116,1,5683.49,2024-11-04 08:11:58
1219,338,46.11,2023-03-27 17:07:20,1,37,180,84,47,2,33,0,233,1,5225.73,2024-11-04 08:10:44
1220,460,335.5,2023-08-14 16:01:02,1,34,313,23,2,0,63,2,47,1,6445.4,2024-11-04 08:12:23
1221,201,388.07,2023-09-05 17:34:08,1,39,405,430,66,2,24,3,68,1,289.71,2024-11-04 08:10:37
1222,29,520.86,2023-03-20 16:29:02,0,34,298,229,16,2,51,1,66,1,9200.74,2024-11-04 08:08:47
1223,449,787.41,2023-06-19 16:22:28,1,22,338,146,80,2,25,3,39,1,300.87,2024-11-04 08:06:44
1224,92,31.7,2023-06-01 16:56:33,0,33,573,44,73,0,48,0,121,1,743.9,2024-11-04 08:08:02
1225,182,22.3,2023-05-01 16:57:17,1,30,34,90,29,0,21,3,90,1,1200.35,2024-11-04 08:12:18
1226,345,203.12,2023-01-18 16:59:48,1,38,3,522,77,0,56,2,181,1,1562.39,2024-11-04 08:09:15
1227,330,315.94,2023-02-27 17:06:57,0,33,600,531,23,1,49,0,172,1,7719.71,2024-11-04 08:12:09
1228,95,0.26,2023-11-23 16:14:48,1,28,233,484,89,2,20,3,173,1,1833.67,2024-11-04 08:07:45
1229,441,210.77,2023-05-31 16:50:20,1,23,8,122,93,0,71,2,161,1,5396.65,2024-11-04 08:11:21
1230,275,406.65,2023-11-08 18:32:44,1,23,12,135,61,0,57,0,107,1,12995.7,2024-11-04 08:11:01
1231,22,422.9,2023-02-27 16:15:53,1,40,231,233,26,0,40,1,111,1,7616.43,2024-11-04 08:10:52
1232,75,20.62,2023-06-21 17:10:18,0,30,602,242,13,0,35,0,225,1,12500.8,2024-11-04 08:08:49
1233,111,174.39,2023-01-09 16:08:52,1,37,77,586,14,0,19,3,36,1,1127.08,2024-11-04 08:11:01
1234,385,7.86,2023-10-16 16:47:15,0,34,64,303,52,1,76,2,91,1,3621.98,2024-11-04 08:07:51
1235,134,61.98,2023-01-03 18:18:14,1,10,360,298,37,2,49,1,44,1,5212.28,2024-11-04 08:08:55
1236,201,54.85,2023-09-05 16:05:58,0,37,278,341,70,1,58,2,40,1,2727.45,2024-11-04 08:09:36
1237,300,16.55,2023-09-11 17:05:50,1,40,459,340,8,1,26,1,159,1,6089.79,2024-11-04 08:08:11
1238,333,91.32,2023-11-10 16:43:45,1,25,340,448,55,1,58,1,77,1,2618.1,2024-11-04 08:08:22
1239,263,195.49,2023-06-12 16:34:59,1,22,454,134,15,0,31,0,212,1,11988.12,2024-11-04 08:08:35
1240,357,49.62,2023-12-07 16:19:07,1,32,79,261,54,0,55,1,111,1,3841.42,2024-11-04 08:07:23
1241,311,487.16,2023-01-02 16:01:14,0,20,348,162,76,1,28,3,84,1,321.21,2024-11-04 08:12:22
1242,165,405.6,2023-08-08 17:41:41,1,40,618,405,30,2,37,1,44,1,9754.73,2024-11-04 08:09:24
1243,399,512.95,2023-10-16 17:08:36,1,8,322,480,65,1,57,1,143,1,9584.52,2024-11-04 08:10:05
1244,96,345.94,2023-10-09 17:32:57,1,32,341,79,99,0,31,0,163,1,7624.56,2024-11-04 08:11:40
1245,114,356.56,2023-10-09 17:23:21,1,27,382,163,99,2,47,1,52,1,2485.73,2024-11-04 08:11:57
1246,262,10.31,2023-01-13 16:23:56,1,21,71,518,53,2,36,1,280,1,2137.9,2024-11-04 08:11:14
1247,441,211.69,2023-10-20 16:02:07,1,1,649,299,65,1,30,0,111,1,6412.85,2024-11-04 08:07:50
1248,40,221.49,2023-09-13 18:11:22,0,28,198,519,51,1,23,3,196,1,707.25,2024-11-04 08:11:50
1249,72,278.23,2023-05-04 17:49:33,1,14,510,55,18,2,48,1,83,1,8300.54,2024-11-04 08:09:46
1250,61,116.88,2023-10-04 17:10:02,1,22,23,364,25,0,45,0,263,1,7717.34,2024-11-04 08:10:02
1251,83,328.77,2023-04-03 17:59:23,0,36,131,11,32,2,39,0,247,1,6967.03,2024-11-04 08:09:57
1252,124,77.53,2023-07-25 18:00:25,1,21,502,311,51,1,54,2,55,1,5158.6,2024-11-04 08:07:12
1253,465,421.74,2023-06-20 17:07:05,1,38,326,515,13,2,67,0,103,1,12031.14,2024-11-04 08:10:18
1254,299,313.69,2023-03-10 16:35:33,1,28,206,461,33,1,73,2,152,1,7093.68,2024-11-04 08:10:23
1255,237,411.72,2023-06-20 18:43:51,1,42,102,196,13,1,29,0,153,1,8539.86,2024-11-04 08:11:43
1256,256,508.73,2023-07-14 16:22:54,1,6,304,217,70,1,59,2,89,1,7640.57,2024-11-04 08:09:07
1257,333,153.08,2023-11-27 16:57:08,1,29,612,85,56,0,24,3,201,1,1292.21,2024-11-04 08:09:29
1258,287,23.01,2023-06-09 18:33:04,1,19,350,465,89,1,63,2,166,1,5958.75,2024-11-04 08:09:14
1259,23,69.28,2023-10-30 16:36:24,1,20,363,240,69,2,25,3,129,1,708.74,2024-11-04 08:11:01
1260,435,51.25,2023-08-29 16:16:15,0,2,111,12,43,1,28,3,66,1,1744.4,2024-11-04 08:11:52
1261,406,407.65,2023-08-07 17:17:34,1,10,12,529,94,0,25,3,263,1,273.78,2024-11-04 08:08:37
1262,310,459.25,2023-05-23 16:44:33,1,40,242,378,42,1,25,3,59,1,130.76,2024-11-04 08:11:47
1263,118,301.56,2023-02-09 17:46:49,1,39,13,157,10,1,49,0,118,1,10389.6,2024-11-04 08:10:23
1264,456,17.67,2023-06-27 17:50:21,1,36,399,327,60,2,63,0,91,1,1048.18,2024-11-04 08:10:55
1265,475,5.29,2023-03-13 18:24:20,0,37,119,490,7,2,32,0,132,1,12896.68,2024-11-04 08:11:04
1266,164,401.37,2023-09-18 16:18:19,1,20,387,0,30,1,43,1,251,1,8208.54,2024-11-04 08:11:41
1267,432,145.4,2023-07-06 17:53:38,1,40,68,446,43,2,38,1,24,1,5244.49,2024-11-04 08:09:52
1268,88,556.34,2023-10-19 16:34:22,1,39,361,475,30,2,37,0,46,1,11935.14,2024-11-04 08:07:12
1269,39,34.31,2023-04-28 16:55:28,1,30,340,202,93,0,24,3,251,1,1484.76,2024-11-04 08:11:26
1270,139,780.59,2023-06-28 17:58:48,0,40,434,266,57,2,23,3,145,1,6513.34,2024-11-04 08:07:01
1271,404,282.65,2023-03-08 17:42:36,1,13,601,96,11,0,35,0,161,1,13801.15,2024-11-04 08:08:51
1272,356,305.27,2023-09-27 16:25:38,1,19,632,470,58,2,68,0,147,1,12958.65,2024-11-04 08:09:31
1273,310,185.81,2023-09-20 16:30:06,1,2,671,304,32,2,32,0,116,1,9588.71,2024-11-04 08:10:15
1274,90,66.01,2023-10-06 18:39:39,1,25,305,445,41,2,49,1,179,1,3475.99,2024-11-04 08:07:05
1275,131,447.95,2023-01-11 17:27:56,1,40,425,260,1,1,29,1,75,1,7544.4,2024-11-04 08:09:20
1276,67,279.3,2023-06-22 17:28:02,1,28,649,522,78,0,19,3,48,1,1193.61,2024-11-04 08:07:20
1277,491,26.75,2023-05-08 16:25:03,1,16,517,87,95,2,33,0,27,1,12063.77,2024-11-04 08:07:00
1278,5,611.15,2023-08-11 17:12:30,1,11,43,456,8,0,27,3,121,1,892.83,2024-11-04 08:09:23
1279,102,275.2,2023-08-24 17:13:38,1,27,120,474,57,2,54,1,81,1,1230.12,2024-11-04 08:09:50
1280,306,427.79,2023-02-21 17:42:42,1,38,17,312,15,1,18,3,189,1,1479.67,2024-11-04 08:08:54
1281,142,469.13,2023-12-04 17:53:57,0,35,481,491,8,0,54,0,139,1,1265.28,2024-11-04 08:07:30
1282,155,102.81,2023-12-04 16:23:00,1,39,75,326,73,1,76,2,47,1,3228.87,2024-11-04 08:08:07
1283,168,22.61,2023-12-21 17:56:04,1,39,248,520,98,2,19,3,145,1,1111.67,2024-11-04 08:06:47
1284,368,68.28,2023-06-08 18:54:04,1,4,624,137,99,2,56,1,293,1,3213.16,2024-11-04 08:08:24
1285,216,33.65,2023-09-18 17:18:03,0,27,452,449,66,2,63,0,146,1,12719.93,2024-11-04 08:07:24
1286,399,362.68,2023-01-16 18:02:19,0,24,271,216,13,0,63,2,137,1,2040.77,2024-11-04 08:06:30
1287,73,73.23,2023-06-23 16:41:27,1,37,126,501,89,1,20,3,172,1,1309.85,2024-11-04 08:12:22
1288,134,654.49,2023-11-20 16:31:36,0,2,364,199,59,2,25,3,104,1,164.61,2024-11-04 08:08:39
1289,54,18.56,2023-04-24 17:04:21,0,22,184,425,93,1,49,1,161,1,4230.37,2024-11-04 08:07:40
1290,362,389.05,2023-01-06 17:35:08,1,9,363,508,74,0,27,3,41,1,761.0,2024-11-04 08:11:28
1291,256,7.38,2023-03-15 16:47:45,1,15,10,162,75,2,67,2,105,1,2923.83,2024-11-04 08:10:18
1292,88,109.48,2023-06-26 17:38:22,1,3,120,208,7,2,61,2,93,1,7372.47,2024-11-04 08:07:26
1293,292,66.91,2023-01-30 18:47:17,1,39,489,454,46,0,39,0,85,1,871.1,2024-11-04 08:10:19
1294,142,335.48,2023-03-02 16:06:18,1,28,206,23,39,1,45,1,155,1,3023.16,2024-11-04 08:06:45
1295,204,38.14,2023-12-28 16:51:20,1,0,550,44,25,2,19,3,174,1,1119.21,2024-11-04 08:09:59
1296,176,360.02,2023-02-09 16:29:06,1,9,71,449,3,2,68,2,68,1,6400.59,2024-11-04 08:08:53
1297,172,567.71,2023-02-06 18:39:23,1,22,582,479,85,2,63,0,80,1,13884.24,2024-11-04 08:10:40
1298,380,218.19,2023-05-23 16:29:31,1,2,601,194,77,0,19,3,185,1,620.83,2024-11-04 08:10:27
1299,65,209.99,2023-09-07 17:19:21,1,10,365,77,13,0,19,3,40,1,1938.01,2024-11-04 08:11:39
1300,363,11.02,2023-11-13 16:32:53,1,40,308,309,7,1,19,3,280,1,964.79,2024-11-04 08:06:56
1301,252,83.43,2023-05-30 16:28:48,1,27,602,365,11,2,56,2,109,1,1870.16,2024-11-04 08:11:40
1302,57,344.97,2023-03-20 17:30:52,1,2,256,341,49,2,34,0,106,1,5577.94,2024-11-04 08:09:39
1303,336,172.29,2023-01-30 17:22:39,1,12,456,513,33,0,36,1,283,1,8700.8,2024-11-04 08:08:42
1304,351,195.54,2023-07-17 16:05:23,1,29,142,181,38,2,60,2,255,1,2794.66,2024-11-04 08:09:01
1305,449,101.23,2023-08-04 18:34:01,1,7,671,215,14,2,45,1,87,1,6169.71,2024-11-04 08:06:42
1306,340,180.46,2023-03-13 16:26:30,1,14,439,131,0,0,25,3,34,1,831.75,2024-11-04 08:11:23
1307,116,692.55,2023-03-07 16:51:37,1,5,555,233,57,1,53,2,109,1,2451.56,2024-11-04 08:12:17
1308,270,147.31,2023-06-12 17:10:27,0,23,58,10,4,2,34,0,92,1,13625.52,2024-11-04 08:07:58
1309,27,107.48,2023-02-07 17:38:18,1,20,599,70,57,1,20,3,103,1,1379.39,2024-11-04 08:12:07
1310,88,81.51,2023-08-10 16:10:22,1,42,78,270,58,1,25,3,97,1,865.49,2024-11-04 08:07:15
1311,361,365.48,2023-05-22 17:59:02,0,39,299,430,81,2,76,2,216,1,7147.4,2024-11-04 08:10:38
1312,435,491.1,2023-06-05 16:08:37,0,15,391,223,66,2,35,1,125,1,7833.85,2024-11-04 08:07:32
1313,261,452.8,2023-11-24 16:45:11,1,20,507,333,33,1,80,2,151,1,4840.67,2024-11-04 08:07:34
1314,70,645.04,2023-12-22 17:08:55,1,22,495,5,13,1,70,2,78,1,7361.47,2024-11-04 08:07:29
1315,240,169.28,2023-03-27 18:08:06,1,30,221,349,56,1,45,0,114,1,5128.44,2024-11-04 08:11:54
1316,117,88.42,2023-10-18 16:28:19,1,12,426,406,95,0,62,0,91,1,12381.45,2024-11-04 08:09:15
1317,59,155.53,2023-03-24 17:04:32,1,3,487,522,40,0,29,1,66,1,4008.05,2024-11-04 08:08:36
1318,249,39.24,2023-11-14 18:33:32,1,9,160,341,94,0,77,2,106,1,6462.41,2024-11-04 08:11:18
1319,263,78.77,2023-05-08 18:36:59,0,19,291,494,84,0,48,1,50,1,6470.57,2024-11-04 08:06:41
1320,454,26.5,2023-02-08 16:42:59,1,16,171,563,62,2,48,1,179,1,4854.83,2024-11-04 08:07:24
1321,252,83.62,2023-06-22 17:18:09,1,33,533,307,68,0,48,0,146,1,12652.22,2024-11-04 08:12:06
1322,392,142.78,2023-05-09 16:40:52,1,36,479,535,20,1,68,0,150,1,11705.88,2024-11-04 08:12:22
1323,160,55.99,2023-11-13 16:16:24,1,12,505,342,36,0,35,0,95,1,932.61,2024-11-04 08:07:20
1324,14,774.48,2023-03-06 16:12:45,1,21,227,520,12,1,61,0,31,1,11613.58,2024-11-04 08:08:33
1325,456,105.37,2023-05-11 18:31:20,1,34,314,191,42,0,25,3,160,1,1068.55,2024-11-04 08:09:44
1326,215,118.83,2023-06-26 16:10:25,1,41,309,264,38,2,28,3,295,1,1616.3,2024-11-04 08:08:28
1327,214,46.22,2023-11-13 16:41:09,1,38,613,449,48,1,23,3,217,1,471.28,2024-11-04 08:08:59
1328,454,659.71,2023-05-05 16:10:24,0,38,93,147,51,1,21,3,148,1,106.86,2024-11-04 08:09:32
1329,66,377.97,2023-11-17 16:50:08,1,24,190,107,27,2,72,2,160,1,2457.1,2024-11-04 08:11:04
1330,211,114.1,2023-05-22 17:45:02,1,4,266,498,23,1,69,2,148,1,5882.12,2024-11-04 08:11:19
1331,261,11.3,2023-12-01 16:33:43,0,21,508,5,43,2,55,2,41,1,1938.99,2024-11-04 08:09:25
1332,190,95.5,2023-05-22 16:24:02,1,29,349,226,30,2,57,2,17,1,4079.09,2024-11-04 08:08:19
1333,130,130.93,2023-02-08 16:52:09,0,15,400,275,60,1,28,1,149,1,860.12,2024-11-04 08:11:18
1334,236,272.97,2023-04-17 18:42:04,1,4,613,501,32,2,68,2,174,1,7811.31,2024-11-04 08:10:58
1335,14,73.35,2023-03-13 16:33:49,1,37,327,563,92,1,24,3,47,1,1181.84,2024-11-04 08:09:57
1336,346,29.94,2023-10-13 16:22:08,1,37,258,385,62,0,58,0,243,1,10915.54,2024-11-04 08:12:01
1337,171,50.52,2023-10-16 16:29:39,1,4,361,148,28,2,20,3,140,1,1121.19,2024-11-04 08:09:12
1338,23,820.46,2023-04-03 16:22:48,0,13,181,560,40,2,53,1,243,1,5621.86,2024-11-04 08:10:23
1339,245,153.07,2023-04-03 18:37:57,1,11,483,568,33,0,56,1,116,1,8873.43,2024-11-04 08:12:06
1340,367,52.94,2023-06-12 17:36:25,1,40,157,586,51,1,41,0,146,1,6990.92,2024-11-04 08:11:08
1341,29,384.41,2023-04-17 16:53:29,1,17,280,205,92,0,60,1,65,1,7831.56,2024-11-04 08:10:13
1342,416,235.42,2023-07-10 18:34:22,1,31,407,20,59,1,51,2,175,1,6173.23,2024-11-04 08:11:06
1343,225,114.23,2023-06-07 17:35:50,1,9,207,22,88,0,56,0,64,1,9523.72,2024-11-04 08:06:35
1344,1,12.62,2023-05-05 16:35:44,1,12,457,573,67,1,33,0,61,1,6420.47,2024-11-04 08:09:03
1345,387,373.52,2023-09-25 16:23:23,1,7,648,354,25,0,35,1,235,1,6430.41,2024-11-04 08:11:16
1346,40,336.05,2023-04-24 17:18:18,1,35,43,561,18,1,28,3,164,1,1635.05,2024-11-04 08:12:13
1347,109,366.93,2023-12-11 18:43:00,1,15,672,434,77,2,66,2,33,1,6697.79,2024-11-04 08:11:33
1348,175,112.27,2023-10-19 17:34:53,1,39,665,296,6,1,58,0,102,1,7369.89,2024-11-04 08:11:23
1349,215,494.96,2023-03-31 16:34:38,1,34,308,434,66,0,40,1,132,1,6903.68,2024-11-04 08:08:34
1350,195,561.58,2023-06-23 17:38:26,1,34,223,210,21,2,65,0,23,1,11748.86,2024-11-04 08:06:32
1351,58,440.94,2023-09-13 18:38:27,1,35,131,257,7,2,42,0,148,1,7303.23,2024-11-04 08:11:22
1352,391,71.9,2023-02-20 16:28:39,1,20,532,100,12,1,29,0,51,1,10619.35,2024-11-04 08:12:07
1353,333,256.66,2023-07-17 17:08:03,0,33,361,12,44,2,54,2,137,1,1794.5,2024-11-04 08:06:55
1354,99,166.55,2023-07-13 17:51:44,0,15,369,140,64,1,59,0,99,1,12970.21,2024-11-04 08:09:36
1355,378,276.26,2023-02-13 17:04:50,1,21,296,584,23,1,56,0,143,1,120.89,2024-11-04 08:11:47
1356,362,35.46,2023-07-18 16:38:11,1,16,649,549,72,0,67,0,164,1,5692.31,2024-11-04 08:10:12
1357,229,38.14,2023-04-07 16:16:00,1,32,15,175,71,1,50,1,165,1,9879.87,2024-11-04 08:07:16
1358,369,506.26,2023-12-18 18:26:07,0,3,645,300,13,0,64,2,86,1,6266.65,2024-11-04 08:11:53
1359,272,736.32,2023-04-12 17:06:06,1,16,483,494,53,2,31,0,28,1,14268.95,2024-11-04 08:10:23
1360,199,389.43,2023-11-27 18:01:47,0,2,466,4,4,0,52,1,151,1,6449.83,2024-11-04 08:10:57
1361,140,25.58,2023-11-16 16:33:22,1,29,82,278,47,0,60,1,166,1,6741.41,2024-11-04 08:06:29
1362,175,446.1,2023-09-19 17:45:19,1,39,427,526,67,0,25,3,243,1,1008.44,2024-11-04 08:08:30
1363,128,147.74,2023-09-05 16:52:06,1,33,63,66,33,1,23,3,15,1,1711.78,2024-11-04 08:12:18
1364,288,46.23,2023-05-29 17:45:26,1,14,337,398,14,2,77,2,282,1,5107.75,2024-11-04 08:09:46
1365,443,265.37,2023-05-26 17:56:17,1,42,608,220,12,1,33,1,77,1,5229.95,2024-11-04 08:09:20
1366,489,342.57,2023-02-03 17:10:00,1,4,332,494,99,2,20,3,91,1,339.16,2024-11-04 08:09:51
1367,364,417.26,2023-02-27 17:01:24,0,27,179,208,48,2,32,0,45,1,10442.48,2024-11-04 08:11:53
1368,336,33.63,2023-11-03 16:50:08,1,8,535,116,23,2,63,2,76,1,4324.4,2024-11-04 08:10:52
1369,394,64.58,2023-12-04 18:06:30,1,12,622,325,55,1,55,2,173,1,6292.29,2024-11-04 08:11:27
1370,296,23.23,2023-04-20 16:34:59,0,24,551,162,63,1,21,3,122,1,269.01,2024-11-04 08:09:54
1371,244,160.52,2023-08-07 16:15:05,0,17,247,586,33,0,78,2,112,1,5379.25,2024-11-04 08:07:59
1372,413,285.49,2023-08-11 18:42:10,0,5,478,425,70,1,53,0,109,1,6366.84,2024-11-04 08:12:14
1373,429,71.87,2023-01-16 18:03:02,1,26,38,34,56,0,22,3,258,1,1839.1,2024-11-04 08:12:07
1374,11,308.8,2023-12-26 16:08:51,1,3,249,499,17,0,53,2,41,1,3966.54,2024-11-04 08:09:59
1375,432,135.35,2023-07-28 18:42:51,1,15,213,350,97,1,33,1,82,1,9983.36,2024-11-04 08:07:24
1376,339,288.43,2023-05-08 16:37:53,1,31,134,508,74,1,66,2,72,1,4577.09,2024-11-04 08:09:00
1377,25,147.46,2023-10-12 16:58:25,0,0,364,526,70,2,65,0,205,1,7458.03,2024-11-04 08:11:31
1378,410,214.15,2023-10-30 17:07:54,1,11,511,330,63,1,32,1,217,1,6397.29,2024-11-04 08:10:59
1379,462,170.36,2023-03-27 16:56:29,1,16,219,90,90,0,30,0,118,1,6034.73,2024-11-04 08:09:24
1380,297,736.53,2023-05-10 17:05:08,1,30,528,352,64,0,55,1,120,1,9826.26,2024-11-04 08:09:38
1381,266,213.42,2023-07-27 17:30:14,1,8,516,91,51,0,45,1,17,1,3736.38,2024-11-04 08:11:26
1382,488,94.09,2023-09-12 16:32:09,1,24,412,57,41,1,27,3,203,1,646.85,2024-11-04 08:10:29
1383,241,91.23,2023-05-15 16:13:54,1,4,180,392,2,0,72,2,86,1,6385.12,2024-11-04 08:08:29
1384,137,263.92,2023-07-26 17:56:54,0,36,547,392,73,1,57,2,233,1,4161.71,2024-11-04 08:10:43
1385,293,77.5,2023-05-23 16:44:55,0,13,320,289,60,2,51,0,201,1,11079.77,2024-11-04 08:08:15
1386,241,3.65,2023-02-13 17:48:36,1,24,113,326,97,2,69,0,146,1,10017.11,2024-11-04 08:11:01
1387,318,43.88,2023-11-13 17:43:37,0,39,336,108,37,2,26,3,251,1,1644.09,2024-11-04 08:08:21
1388,305,591.98,2023-04-28 16:32:10,1,12,539,509,68,0,28,3,132,1,387.65,2024-11-04 08:07:44
1389,81,224.79,2023-08-22 16:34:34,1,4,203,381,62,2,18,3,129,1,528.38,2024-11-04 08:10:25
1390,219,64.3,2023-09-04 17:36:40,1,21,83,355,14,0,55,2,67,1,7530.3,2024-11-04 08:11:58
1391,453,111.79,2023-12-26 17:40:23,1,17,510,32,55,2,62,0,49,1,10887.59,2024-11-04 08:11:34
1392,120,613.7,2023-02-22 17:33:56,0,13,645,555,54,1,61,2,37,1,7307.11,2024-11-04 08:10:53
1393,215,170.45,2023-01-05 16:56:49,1,37,539,453,25,1,60,1,199,1,2284.41,2024-11-04 08:09:17
1394,289,344.27,2023-09-19 17:23:14,1,35,168,338,30,1,22,3,123,1,1918.36,2024-11-04 08:09:37
1395,401,872.72,2023-04-24 16:47:17,1,42,538,346,32,2,22,3,288,1,503.01,2024-11-04 08:10:49
1396,474,292.95,2023-02-16 16:23:11,1,22,439,359,54,1,37,1,56,1,1216.91,2024-11-04 08:11:13
1397,361,28.44,2023-08-31 17:43:38,1,14,172,301,46,0,18,3,243,1,1071.04,2024-11-04 08:09:03
1398,319,209.02,2023-03-03 17:08:36,1,12,576,585,7,0,21,3,74,1,187.9,2024-11-04 08:11:19
1399,248,20.05,2023-11-29 17:43:51,1,6,283,191,17,0,72,2,171,1,7145.67,2024-11-04 08:08:00
1400,338,175.02,2023-04-10 16:23:53,1,31,586,19,91,2,28,3,71,1,1493.88,2024-11-04 08:09:21
1401,151,89.5,2023-08-21 16:22:06,0,21,13,198,19,1,41,1,134,1,8658.95,2024-11-04 08:09:01
1402,15,69.96,2023-10-16 17:43:00,1,3,380,238,59,1,28,3,31,1,164.12,2024-11-04 08:08:13
1403,286,146.51,2023-01-25 17:12:17,1,0,553,355,96,0,53,1,68,1,7089.9,2024-11-04 08:10:39
1404,356,376.78,2023-08-14 17:25:14,0,26,579,541,60,2,21,3,88,1,841.65,2024-11-04 08:07:49
1405,199,148.54,2023-12-22 16:25:16,0,8,153,124,47,1,71,2,107,1,5677.05,2024-11-04 08:11:52
1406,161,388.77,2023-12-11 16:57:08,0,17,209,447,64,2,26,3,30,1,1658.49,2024-11-04 08:11:05
1407,121,100.38,2023-11-27 17:51:15,1,39,528,512,59,1,63,0,49,1,10171.68,2024-11-04 08:09:18
1408,52,137.23,2023-04-07 16:50:22,1,14,202,544,83,1,64,0,63,1,13847.99,2024-11-04 08:08:41
1409,169,870.3,2023-08-28 17:56:39,1,38,195,120,2,0,51,2,229,1,3688.98,2024-11-04 08:08:54
1410,173,458.94,2023-07-18 18:06:23,1,11,73,148,75,1,52,1,180,1,5619.95,2024-11-04 08:08:35
1411,91,327.35,2023-09-25 18:48:58,0,22,511,259,58,1,20,3,175,1,342.08,2024-11-04 08:11:19
1412,305,757.15,2023-01-17 16:53:08,1,33,446,299,84,2,53,1,38,1,4702.86,2024-11-04 08:08:06
1413,125,5.64,2023-03-08 16:57:30,1,4,666,521,63,2,59,0,47,1,12703.24,2024-11-04 08:11:10
1414,281,47.23,2023-08-03 18:18:56,0,22,30,252,33,2,73,2,160,1,6659.81,2024-11-04 08:11:07
1415,490,239.41,2023-11-01 17:23:46,0,3,668,125,63,2,42,0,248,1,7860.65,2024-11-04 08:07:19
1416,469,7.48,2023-07-03 16:46:20,1,35,573,376,24,0,55,1,29,1,1275.2,2024-11-04 08:12:21
1417,464,170.97,2023-05-01 17:04:30,1,26,252,249,43,1,26,3,292,1,1265.27,2024-11-04 08:07:51
1418,474,659.15,2023-01-31 16:02:23,1,4,197,526,13,0,22,3,204,1,1241.59,2024-11-04 08:06:24
1419,10,31.53,2023-12-20 17:15:14,1,18,315,406,94,2,25,3,283,1,874.93,2024-11-04 08:06:33
1420,356,111.66,2023-06-07 18:18:32,0,42,367,489,67,2,48,1,140,1,5716.72,2024-11-04 08:07:36
1421,14,250.01,2023-11-06 16:28:15,1,18,186,165,56,0,62,2,88,1,1541.48,2024-11-04 08:12:10
1422,110,554.15,2023-04-18 17:17:37,1,33,85,148,65,0,49,0,108,1,14817.22,2024-11-04 08:12:11
1423,55,598.66,2023-01-10 16:51:44,0,5,304,460,31,1,32,1,222,1,2587.11,2024-11-04 08:11:41
1424,387,28.38,2023-05-18 16:24:16,1,34,675,143,82,1,55,0,98,1,173.7,2024-11-04 08:08:56
1425,229,16.8,2023-11-27 17:01:48,1,36,409,554,20,0,49,0,94,1,11847.07,2024-11-04 08:09:51
1426,460,896.79,2023-11-06 16:35:59,1,9,560,107,86,2,33,0,168,1,11146.74,2024-11-04 08:06:45
1427,447,159.0,2023-03-06 18:04:32,1,19,525,524,58,0,49,1,38,1,369.79,2024-11-04 08:08:35
1428,200,56.31,2023-09-27 17:54:16,0,15,37,231,41,2,75,2,195,1,6396.08,2024-11-04 08:08:12
1429,224,203.99,2023-01-20 16:34:35,1,30,6,336,72,2,52,2,215,1,4840.31,2024-11-04 08:09:52
1430,129,50.99,2023-10-31 16:45:07,1,11,211,132,2,1,29,0,76,1,1334.6,2024-11-04 08:10:00
1431,242,101.28,2023-08-23 18:19:06,0,6,486,540,22,2,32,1,75,1,2774.35,2024-11-04 08:06:44
1432,419,299.92,2023-10-09 18:41:21,1,10,192,303,6,0,27,3,122,1,1368.0,2024-11-04 08:08:59
1433,121,77.54,2023-02-01 17:12:47,1,31,339,528,94,2,67,2,73,1,4536.38,2024-11-04 08:10:22
1434,137,18.35,2023-09-18 16:40:59,1,26,660,549,34,1,21,3,78,1,1293.39,2024-11-04 08:10:06
1435,373,732.53,2023-05-22 16:54:00,0,38,652,357,65,0,26,3,116,1,441.54,2024-11-04 08:12:14
1436,57,65.11,2023-09-07 16:47:49,1,26,199,363,25,0,34,1,150,1,8485.14,2024-11-04 08:08:55
1437,229,67.07,2023-06-05 16:24:41,0,20,37,561,47,0,24,3,56,1,999.62,2024-11-04 08:10:33
1438,6,137.48,2023-11-27 17:34:33,1,39,201,503,57,1,55,0,47,1,14273.42,2024-11-04 08:08:46
1439,27,398.36,2023-06-27 16:52:00,1,8,21,534,5,0,22,3,56,1,1863.7,2024-11-04 08:09:08
1440,422,469.46,2023-11-08 18:24:56,1,27,448,103,67,0,20,3,149,1,8640.56,2024-11-04 08:09:58
1441,237,37.58,2023-04-17 18:22:37,1,16,46,450,50,0,57,0,182,1,259.44,2024-11-04 08:12:14
1442,441,160.24,2023-08-08 17:06:41,1,42,362,587,18,0,31,1,15,1,5526.97,2024-11-04 08:09:07
1443,79,315.39,2023-05-26 16:52:33,0,27,65,486,7,1,23,3,93,1,929.6,2024-11-04 08:08:08
1444,249,165.91,2023-03-15 17:40:16,1,17,552,0,83,0,26,3,84,1,587.12,2024-11-04 08:09:22
1445,236,211.36,2023-09-14 17:08:40,1,37,38,362,19,1,47,1,194,1,4760.34,2024-11-04 08:11:24
1446,138,241.45,2023-07-24 16:02:33,1,32,418,90,25,2,26,3,158,1,1594.04,2024-11-04 08:08:42
1447,130,23.24,2023-04-13 16:41:41,1,16,548,239,53,1,68,0,129,1,13777.79,2024-11-04 08:10:55
1448,33,70.88,2023-12-04 16:18:39,0,29,303,207,86,1,74,2,176,1,1794.65,2024-11-04 08:06:26
1449,15,314.52,2023-03-20 17:21:43,1,22,348,130,56,0,80,2,229,1,7071.32,2024-11-04 08:06:44
1450,376,181.81,2023-05-29 16:09:59,0,2,392,138,25,2,78,2,122,1,7525.73,2024-11-04 08:09:04
1451,407,854.64,2023-11-07 18:57:13,1,13,428,221,37,1,56,2,118,1,2989.25,2024-11-04 08:08:54
1452,292,261.19,2023-01-12 17:12:22,1,28,585,558,77,0,64,2,52,1,7620.6,2024-11-04 08:09:48
1453,204,220.68,2023-10-09 18:23:25,0,33,300,278,49,2,71,2,217,1,5549.2,2024-11-04 08:07:05
1454,405,11.86,2023-09-05 16:43:36,1,34,161,137,53,1,31,1,129,1,6782.61,2024-11-04 08:08:52
1455,103,122.65,2023-08-17 16:26:57,1,8,246,63,38,2,28,3,41,1,1968.51,2024-11-04 08:06:57
1456,1,395.16,2023-07-24 16:14:05,1,25,260,195,58,2,56,2,17,1,5340.73,2024-11-04 08:11:15
1457,404,704.69,2023-07-18 17:22:49,1,19,434,453,88,2,51,2,150,1,3267.84,2024-11-04 08:10:51
1458,485,369.89,2023-10-18 16:44:36,1,35,41,245,82,0,69,2,69,1,6941.47,2024-11-04 08:11:27
1459,93,10.92,2023-10-20 17:48:44,1,17,366,558,89,0,67,2,268,1,7567.2,2024-11-04 08:08:28
1460,56,199.14,2023-08-02 17:32:29,1,39,72,247,4,1,31,1,36,1,7001.25,2024-11-04 08:10:52
1461,399,109.43,2023-01-11 18:07:25,1,10,645,394,53,0,70,2,140,1,1983.65,2024-11-04 08:09:49
1462,253,304.15,2023-11-28 16:09:34,1,1,11,341,9,1,20,3,40,1,686.91,2024-11-04 08:10:17
1463,252,620.54,2023-03-27 16:26:46,0,29,77,179,8,1,28,3,98,1,213.36,2024-11-04 08:07:26
1464,312,757.79,2023-01-02 16:30:09,1,5,31,446,33,2,22,3,117,1,1443.02,2024-11-04 08:08:27
1465,403,122.81,2023-10-24 16:12:19,1,38,402,99,9,1,52,0,12,1,8450.84,2024-11-04 08:09:37
1466,332,96.25,2023-07-27 16:01:41,1,15,346,375,39,2,61,2,171,1,7996.7,2024-11-04 08:06:36
1467,54,142.55,2023-05-16 16:45:46,1,18,89,40,70,2,67,0,97,1,1262.68,2024-11-04 08:07:26
1468,254,35.94,2023-05-08 16:22:52,0,14,182,143,49,1,23,3,141,1,1697.28,2024-11-04 08:09:24
1469,100,24.86,2023-02-13 16:53:36,1,17,327,460,6,1,58,1,292,1,2591.65,2024-11-04 08:12:04
1470,163,103.08,2023-11-14 16:09:22,1,37,662,131,8,2,60,0,109,1,12002.16,2024-11-04 08:10:18
1471,449,116.27,2023-11-28 18:04:26,1,32,338,301,10,2,57,1,94,1,8726.92,2024-11-04 08:11:49
1472,112,34.74,2023-04-28 16:03:41,0,32,140,183,74,2,59,2,72,1,3736.57,2024-11-04 08:12:14
1473,326,64.01,2023-10-30 18:14:15,0,30,50,147,60,1,19,3,240,1,1225.69,2024-11-04 08:08:26
1474,14,50.9,2023-04-24 16:14:34,0,17,529,87,88,2,28,3,150,1,1277.7,2024-11-04 08:06:36
1475,265,206.84,2023-09-13 18:47:47,1,30,127,527,9,1,20,3,154,1,454.66,2024-11-04 08:10:50
1476,61,37.4,2023-08-01 17:54:56,1,33,335,281,11,0,20,3,84,1,1519.51,2024-11-04 08:12:08
1477,85,154.21,2023-01-02 16:01:26,1,24,529,264,82,2,46,1,75,1,8045.77,2024-11-04 08:10:33
1478,128,199.37,2023-06-29 17:39:21,1,6,396,290,82,2,24,3,79,1,1331.3,2024-11-04 08:08:44
1479,319,410.49,2023-07-25 16:47:16,0,1,351,511,70,1,25,3,134,1,1843.57,2024-11-04 08:10:38
1480,252,18.23,2023-03-22 17:31:23,1,26,182,274,63,0,56,1,28,1,8422.2,2024-11-04 08:11:20
1481,139,398.7,2023-08-28 16:02:11,1,0,409,291,5,0,47,0,276,1,7987.74,2024-11-04 08:09:04
1482,416,122.14,2023-02-20 16:20:28,1,29,365,469,70,2,22,3,155,1,327.68,2024-11-04 08:08:04
1483,329,378.2,2023-01-09 17:12:40,1,23,566,323,7,1,40,1,167,1,7372.81,2024-11-04 08:11:02
1484,172,124.74,2023-11-27 16:33:20,1,20,292,413,37,0,49,1,33,1,2987.97,2024-11-04 08:08:17
1485,374,17.1,2023-12-25 16:56:06,1,0,398,322,18,0,53,2,101,1,1619.54,2024-11-04 08:11:05
1486,116,287.05,2023-04-14 16:00:51,1,25,343,114,57,0,22,3,212,1,1204.65,2024-11-04 08:10:59
1487,193,874.72,2023-03-03 16:21:27,1,37,99,301,84,2,28,1,173,1,4630.58,2024-11-04 08:08:17
1488,459,40.12,2023-04-19 17:03:11,0,9,198,432,15,0,36,0,269,1,14304.38,2024-11-04 08:10:40
1489,124,125.0,2023-06-05 16:19:55,0,16,592,587,45,2,49,1,177,1,3215.76,2024-11-04 08:11:36
1490,39,348.44,2023-11-06 17:58:34,1,3,643,222,33,2,24,3,147,1,1022.94,2024-11-04 08:09:55
1491,397,128.4,2023-03-20 17:17:27,1,40,494,442,64,0,69,2,31,1,2610.64,2024-11-04 08:11:44
1492,153,320.93,2023-06-22 16:05:35,1,1,259,52,25,2,55,1,178,1,9451.66,2024-11-04 08:10:27
1493,256,1.41,2023-06-07 17:02:33,1,34,331,211,83,0,53,2,278,1,1244.17,2024-11-04 08:12:04
1494,474,50.52,2023-04-06 16:03:23,1,20,594,180,64,1,54,0,293,1,12815.24,2024-11-04 08:06:58
1495,286,383.95,2023-09-20 17:57:15,0,36,484,412,67,2,31,1,143,1,9933.56,2024-11-04 08:07:55
1496,152,12.94,2023-08-28 17:08:41,1,14,351,48,97,1,23,3,158,1,921.23,2024-11-04 08:10:32
1497,104,329.75,2023-12-25 17:31:53,1,34,354,174,63,2,56,2,211,1,6009.43,2024-11-04 08:09:57
1498,298,40.79,2023-11-17 16:40:09,1,25,388,226,60,0,18,3,80,1,1769.33,2024-11-04 08:11:29
1499,3,99.25,2023-06-26 16:53:58,0,31,504,209,47,2,63,2,93,1,2570.34,2024-11-04 08:07:33
1500,155,150.6,2023-04-17 17:43:23,1,24,326,509,79,0,69,2,59,1,3240.14,2024-11-04 08:07:30
1501,428,29.5,2023-07-20 18:26:11,1,35,434,350,7,2,73,2,129,1,1229.32,2024-11-04 08:09:30
1502,432,54.34,2023-12-25 18:03:33,1,0,560,452,34,0,65,0,46,1,8019.89,2024-11-04 08:11:47
1503,274,18.25,2023-08-16 16:41:21,1,18,175,412,75,0,53,0,18,1,14328.29,2024-11-04 08:08:43
1504,452,633.87,2023-12-08 16:06:14,1,18,571,168,66,2,27,3,175,1,330.16,2024-11-04 08:09:58
1505,164,81.15,2023-02-17 16:28:12,1,24,300,159,58,0,19,3,114,1,1595.26,2024-11-04 08:09:07
1506,127,83.95,2023-06-14 16:16:25,1,27,279,486,14,2,75,2,170,1,7413.18,2024-11-04 08:06:37
1507,287,410.4,2023-05-19 16:00:10,0,41,514,234,20,0,61,2,78,1,2563.91,2024-11-04 08:09:34
1508,182,172.68,2023-02-20 16:07:41,1,3,356,542,30,0,33,0,17,1,10724.95,2024-11-04 08:07:49
1509,491,139.88,2023-01-23 16:05:26,1,7,515,559,23,0,34,1,162,1,2969.71,2024-11-04 08:07:25
1510,168,165.55,2023-10-02 18:21:39,1,9,614,59,60,1,28,3,115,1,761.78,2024-11-04 08:08:55
1511,453,285.69,2023-12-06 18:15:42,1,24,130,114,63,0,63,2,35,1,2552.54,2024-11-04 08:07:59
1512,88,532.4,2023-08-24 16:46:58,1,17,94,113,26,0,22,3,149,1,1033.73,2024-11-04 08:09:47
1513,284,293.85,2023-08-10 16:23:08,1,5,443,317,10,2,25,3,144,1,1919.97,2024-11-04 08:09:31
1514,61,27.94,2023-11-03 18:44:38,1,1,2,115,92,1,79,2,120,1,1893.44,2024-11-04 08:08:30
1515,388,270.36,2023-03-03 16:57:11,1,28,36,562,43,0,25,3,37,1,1783.04,2024-11-04 08:07:51
1516,291,506.03,2023-07-12 16:14:08,1,11,644,53,99,1,21,3,21,1,1123.89,2024-11-04 08:09:26
1517,488,206.95,2023-08-03 16:19:27,1,39,580,118,83,1,22,3,31,1,1817.65,2024-11-04 08:07:36
1518,362,350.96,2023-06-08 16:26:48,1,40,441,584,45,0,63,2,167,1,5463.94,2024-11-04 08:08:03
1519,16,261.63,2023-05-29 18:27:43,1,6,597,523,17,1,20,3,150,1,477.03,2024-11-04 08:09:33
1520,452,46.12,2023-06-05 17:28:06,1,14,507,150,87,1,59,0,30,1,8874.01,2024-11-04 08:08:32
1521,330,27.25,2023-03-20 16:02:51,0,18,322,300,81,1,63,2,92,1,5365.2,2024-11-04 08:09:28
1522,1,331.66,2023-09-11 17:52:59,1,19,40,0,39,0,76,2,145,1,7216.3,2024-11-04 08:08:23
1523,280,667.95,2023-07-27 17:51:27,0,28,244,361,26,0,62,0,253,1,13558.56,2024-11-04 08:08:19
1524,89,49.84,2023-10-13 16:05:10,1,6,281,335,94,0,49,0,146,1,7872.04,2024-11-04 08:07:16
1525,393,556.04,2023-07-10 16:41:50,1,10,185,429,21,0,72,2,27,1,5200.04,2024-11-04 08:07:38
1526,131,88.06,2023-10-27 17:53:06,0,33,495,400,15,2,18,3,288,1,1779.85,2024-11-04 08:09:03
1527,317,745.95,2023-12-15 16:38:43,1,22,663,504,27,0,58,0,127,1,13264.14,2024-11-04 08:11:10
1528,242,67.25,2023-07-03 16:38:45,1,24,396,427,12,2,19,3,157,1,467.4,2024-11-04 08:11:37
1529,327,93.63,2023-08-21 18:11:41,1,27,512,196,95,0,29,1,141,1,9873.62,2024-11-04 08:09:57
1530,226,74.11,2023-07-18 16:05:40,1,38,527,309,10,1,22,3,49,1,1257.9,2024-11-04 08:09:02
1531,18,41.13,2023-03-27 17:53:15,0,30,630,27,29,1,77,2,58,1,6067.54,2024-11-04 08:10:03
1532,440,192.02,2023-12-19 16:11:38,0,16,396,549,24,2,79,2,154,1,5169.07,2024-11-04 08:09:02
1533,216,291.27,2023-06-19 17:58:54,1,11,117,242,96,1,77,2,121,1,6878.86,2024-11-04 08:10:16
1534,48,296.46,2023-11-09 16:11:59,1,9,278,463,45,1,23,3,136,1,558.99,2024-11-04 08:08:19
1535,443,341.84,2023-06-23 16:10:12,0,12,527,365,25,1,27,3,89,1,1400.04,2024-11-04 08:07:42
1536,420,98.41,2023-06-12 17:09:42,1,34,182,234,51,2,27,3,48,1,912.71,2024-11-04 08:08:45
1537,308,27.51,2023-09-20 18:16:03,0,8,244,440,56,2,40,0,103,1,13645.63,2024-11-04 08:06:27
1538,436,12.18,2023-04-20 18:50:39,1,27,313,262,87,1,76,2,77,1,4909.24,2024-11-04 08:07:37
1539,313,207.71,2023-11-16 17:48:55,0,18,361,527,65,2,25,3,63,1,570.1,2024-11-04 08:10:55
1540,228,25.77,2023-07-17 17:15:21,0,36,25,68,77,2,45,0,277,1,11749.77,2024-11-04 08:10:33
1541,418,127.57,2023-02-27 17:17:05,1,26,389,167,48,0,52,2,75,1,6118.2,2024-11-04 08:10:45
1542,387,392.05,2023-06-19 16:32:01,1,10,394,391,98,0,60,1,172,1,4383.69,2024-11-04 08:06:25
1543,172,521.01,2023-10-13 17:54:57,0,39,200,404,40,1,41,1,73,1,4004.55,2024-11-04 08:07:07
1544,106,849.76,2023-08-16 16:28:30,1,39,665,496,22,0,25,3,269,1,373.88,2024-11-04 08:07:50
1545,65,172.5,2023-11-14 16:23:09,1,8,610,312,64,2,68,0,31,1,6851.16,2024-11-04 08:11:14
1546,350,265.44,2023-01-17 16:41:18,1,35,328,6,89,0,30,1,169,1,9700.77,2024-11-04 08:09:38
1547,239,152.34,2023-10-12 17:10:20,1,29,126,35,43,1,55,0,115,1,6853.51,2024-11-04 08:08:11
1548,239,21.13,2023-04-25 16:11:22,1,9,529,504,89,1,28,3,153,1,948.7,2024-11-04 08:10:17
1549,405,111.55,2023-12-28 16:27:12,1,10,607,539,38,0,46,0,101,1,12221.17,2024-11-04 08:08:09
1550,289,321.82,2023-07-14 16:20:55,0,33,498,8,48,1,32,1,43,1,6500.5,2024-11-04 08:08:22
1551,153,148.77,2023-03-30 18:20:58,1,38,175,112,82,1,67,2,175,1,2138.42,2024-11-04 08:11:51
1552,300,14.08,2023-02-06 18:18:26,1,9,430,13,58,1,57,2,154,1,3908.65,2024-11-04 08:08:27
1553,360,566.33,2023-08-07 16:39:52,0,5,580,371,64,0,24,3,66,1,379.82,2024-11-04 08:07:18
1554,182,206.51,2023-12-18 17:09:29,1,16,341,13,45,0,51,2,275,1,3921.74,2024-11-04 08:07:22
1555,212,180.94,2023-07-24 16:41:18,1,33,439,433,27,1,75,2,57,1,7659.99,2024-11-04 08:10:34
1556,278,77.9,2023-12-25 17:42:00,1,42,591,144,70,1,21,3,128,1,664.72,2024-11-04 08:08:41
1557,194,318.92,2023-05-19 18:54:32,0,42,256,154,36,1,21,3,60,1,1167.25,2024-11-04 08:09:03
1558,384,583.3,2023-02-03 16:30:45,0,26,317,414,93,2,59,1,142,1,5896.01,2024-11-04 08:11:17
1559,315,100.68,2023-01-12 16:44:29,1,22,465,482,21,2,63,2,139,1,1123.75,2024-11-04 08:12:10
1560,19,589.64,2023-09-21 16:05:38,1,5,426,249,49,2,62,2,210,1,2039.4,2024-11-04 08:11:53
1561,493,225.93,2023-03-13 17:57:47,0,29,140,131,96,1,25,3,199,1,1864.27,2024-11-04 08:08:39
1562,284,651.55,2023-03-10 17:34:34,1,31,331,35,42,2,72,2,82,1,2325.78,2024-11-04 08:09:47
1563,119,80.97,2023-01-09 17:27:58,1,39,248,130,25,2,38,0,157,1,5926.31,2024-11-04 08:09:06
1564,22,191.89,2023-06-27 16:37:04,1,35,3,427,40,1,25,3,14,1,399.57,2024-11-04 08:09:55
1565,483,304.75,2023-02-27 16:07:57,0,2,479,299,95,1,78,2,125,1,1916.34,2024-11-04 08:07:01
1566,194,201.53,2023-11-06 16:31:43,1,40,620,160,6,2,68,2,287,1,2732.86,2024-11-04 08:12:21
1567,487,8.45,2023-02-10 17:45:34,1,30,189,149,21,0,22,3,141,1,1115.3,2024-11-04 08:07:47
1568,190,435.98,2023-10-12 16:29:09,1,23,273,343,98,1,30,1,105,1,7334.08,2024-11-04 08:11:05
1569,445,743.24,2023-07-07 17:31:07,0,16,249,514,83,2,19,3,109,1,1024.19,2024-11-04 08:08:46
1570,256,16.27,2023-02-13 17:58:45,1,1,672,157,37,0,57,0,44,1,10971.32,2024-11-04 08:09:04
1571,241,290.86,2023-06-05 17:45:07,1,21,596,219,67,2,45,0,36,1,14631.88,2024-11-04 08:10:45
1572,118,85.73,2023-03-01 16:09:58,1,41,71,93,99,0,41,0,266,1,14928.35,2024-11-04 08:08:37
1573,186,555.71,2023-01-23 17:35:42,0,4,330,108,17,1,22,3,73,1,830.37,2024-11-04 08:08:24
1574,492,40.03,2023-01-09 17:17:53,1,29,205,396,85,1,23,3,200,1,6408.8,2024-11-04 08:12:08
1575,282,73.01,2023-10-18 18:26:25,0,25,645,236,27,2,25,3,62,1,1997.33,2024-11-04 08:10:12
1576,85,346.12,2023-12-29 17:55:30,1,37,148,567,66,1,44,0,12,1,13084.27,2024-11-04 08:11:00
1577,417,252.93,2023-02-06 16:05:08,1,32,591,85,0,0,75,2,222,1,2760.37,2024-11-04 08:07:53
1578,381,58.7,2023-03-03 16:00:01,1,27,608,75,40,1,67,0,141,1,8937.35,2024-11-04 08:07:12
1579,9,7.56,2023-02-06 16:38:45,1,25,345,315,69,0,40,0,145,1,8528.72,2024-11-04 08:07:19
1580,85,540.4,2023-02-22 16:42:17,1,15,397,198,60,1,45,0,272,1,425.77,2024-11-04 08:06:52
1581,289,264.14,2023-07-28 17:36:30,1,3,49,282,65,0,64,0,125,1,8459.26,2024-11-04 08:07:21
1582,402,248.15,2023-06-15 16:41:00,1,25,42,303,17,0,75,2,202,1,2649.23,2024-11-04 08:08:53
1583,488,24.34,2023-11-29 17:15:02,1,33,106,171,50,1,54,1,110,1,6659.12,2024-11-04 08:09:23
1584,299,428.61,2023-01-09 16:12:00,1,13,539,413,51,0,66,0,62,1,11937.04,2024-11-04 08:09:42
1585,51,117.66,2023-08-03 18:19:53,0,22,46,396,13,1,39,0,126,1,6794.17,2024-11-04 08:07:55
1586,426,165.8,2023-05-04 17:46:15,1,26,392,350,62,2,60,1,287,1,2064.76,2024-11-04 08:07:57
1587,197,289.18,2023-08-29 16:17:55,1,3,108,263,66,0,65,2,64,1,3139.75,2024-11-04 08:11:11
1588,432,125.39,2023-07-31 16:52:24,1,20,147,315,35,0,21,3,140,1,202.69,2024-11-04 08:06:49
1589,149,305.18,2023-06-05 17:48:33,1,6,674,571,64,2,58,2,216,1,4474.2,2024-11-04 08:08:22
1590,300,506.9,2023-11-01 17:44:46,0,15,324,105,37,1,64,0,56,1,11471.87,2024-11-04 08:10:09
1591,140,504.12,2023-04-14 17:35:50,0,3,242,17,7,1,25,3,101,1,1107.28,2024-11-04 08:10:41
1592,350,42.09,2023-01-20 18:31:25,1,10,319,424,45,1,29,1,118,1,5526.28,2024-11-04 08:06:50
1593,153,607.28,2023-01-23 16:47:11,1,3,360,87,97,0,32,0,84,1,9679.68,2024-11-04 08:10:16
1594,260,91.9,2023-05-15 16:19:03,1,6,239,37,35,2,77,2,125,1,1033.94,2024-11-04 08:10:48
1595,120,303.43,2023-06-06 17:32:57,1,41,162,300,28,1,22,3,30,1,1833.24,2024-11-04 08:08:11
1596,420,668.78,2023-10-23 17:25:04,1,23,211,29,93,0,20,3,141,1,983.68,2024-11-04 08:09:12
1597,109,270.54,2023-04-03 18:22:02,0,34,461,372,76,0,20,3,139,1,269.78,2024-11-04 08:09:42
1598,399,247.93,2023-08-14 18:08:27,1,16,81,380,99,1,37,1,79,1,9801.48,2024-11-04 08:09:24
1599,126,34.67,2023-04-25 16:34:55,1,6,309,525,76,2,19,3,71,1,888.6,2024-11-04 08:11:38
1600,48,326.03,2023-05-09 16:54:49,0,27,143,80,37,2,18,3,137,1,290.24,2024-11-04 08:11:46
1601,139,148.26,2023-05-08 17:33:08,1,29,372,415,20,0,25,3,57,1,958.7,2024-11-04 08:12:13
1602,254,373.99,2023-10-23 16:27:20,1,34,592,30,96,0,60,0,140,1,8590.5,2024-11-04 08:07:10
1603,297,254.34,2023-09-14 17:04:03,1,12,395,338,83,2,49,1,79,1,5461.08,2024-11-04 08:11:06
1604,122,819.48,2023-10-05 16:27:27,1,41,378,152,37,0,25,3,26,1,1804.5,2024-11-04 08:08:37
1605,458,14.0,2023-09-06 16:24:45,1,35,344,21,62,0,49,1,173,1,7975.18,2024-11-04 08:09:26
1606,467,57.16,2023-06-15 18:45:38,1,8,108,97,21,0,40,1,74,1,222.22,2024-11-04 08:08:46
1607,479,282.26,2023-06-26 16:55:17,1,22,47,328,27,2,37,1,278,1,6857.2,2024-11-04 08:08:20
1608,342,46.96,2023-06-30 16:44:37,1,19,277,347,69,2,46,1,12,1,2028.92,2024-11-04 08:11:10
1609,392,473.2,2023-08-07 16:02:07,1,15,114,69,53,2,34,0,173,1,248.52,2024-11-04 08:10:30
1610,262,192.97,2023-03-13 16:10:01,1,34,41,9,97,0,59,2,140,1,3019.04,2024-11-04 08:06:34
1611,74,168.99,2023-05-01 18:38:15,1,3,215,177,77,0,18,3,203,1,1523.57,2024-11-04 08:10:01
1612,21,1.82,2023-04-13 17:35:38,1,37,627,127,8,2,80,2,60,1,5571.39,2024-11-04 08:09:18
1613,178,40.9,2023-06-01 18:27:12,1,5,516,452,23,0,55,0,37,1,1514.34,2024-11-04 08:11:02
1614,69,78.91,2023-03-01 17:07:06,1,34,594,116,62,2,61,0,157,1,1817.43,2024-11-04 08:10:43
1615,363,169.97,2023-12-07 17:33:16,0,36,179,121,59,0,22,3,12,1,6269.12,2024-11-04 08:09:12
1616,20,486.61,2023-11-28 16:17:29,0,34,321,149,46,0,48,1,130,1,2006.69,2024-11-04 08:06:34
1617,154,148.13,2023-03-17 16:34:52,1,31,271,174,24,1,58,2,56,1,2189.38,2024-11-04 08:07:00
1618,209,164.52,2023-12-25 16:11:46,1,9,652,286,98,0,61,0,162,1,11036.74,2024-11-04 08:11:17
1619,322,720.89,2023-12-18 17:10:48,1,16,476,9,7,0,27,3,120,1,447.06,2024-11-04 08:10:01
1620,343,268.7,2023-10-03 16:16:01,1,25,237,587,12,0,53,2,63,1,2104.74,2024-11-04 08:06:40
1621,180,637.34,2023-09-01 16:19:43,1,16,293,147,17,0,51,2,278,1,5183.5,2024-11-04 08:09:55
1622,472,216.76,2023-11-09 17:26:27,0,29,95,316,32,2,47,1,138,1,643.64,2024-11-04 08:09:35
1623,392,418.02,2023-06-06 17:56:44,1,20,166,469,16,0,46,0,110,1,11011.86,2024-11-04 08:06:33
1624,374,292.03,2023-09-04 16:20:20,0,22,634,199,49,0,46,1,154,1,951.33,2024-11-04 08:07:11
1625,29,251.4,2023-07-05 16:52:09,1,40,482,257,22,0,57,2,178,1,2561.67,2024-11-04 08:11:03
1626,336,184.56,2023-11-30 16:07:36,1,41,417,236,57,2,21,3,93,1,1549.27,2024-11-04 08:06:41
1627,160,33.76,2023-01-16 17:39:25,1,39,300,73,23,2,26,1,227,1,3253.51,2024-11-04 08:08:48
1628,314,253.46,2023-05-22 16:27:35,1,22,56,530,45,0,45,1,60,1,1338.95,2024-11-04 08:07:11
1629,368,138.68,2023-06-14 16:06:24,0,7,254,448,1,1,22,3,44,1,206.2,2024-11-04 08:08:39
1630,445,42.56,2023-07-31 16:25:38,1,14,657,566,0,2,18,3,146,1,4361.44,2024-11-04 08:07:12
1631,4,680.76,2023-02-27 16:38:41,1,18,34,486,10,1,21,3,165,1,572.97,2024-11-04 08:09:04
1632,258,53.83,2023-05-31 17:21:07,1,3,453,416,61,1,70,2,131,1,4580.59,2024-11-04 08:11:45
1633,426,11.09,2023-10-31 16:54:40,1,5,135,424,93,1,51,1,95,1,2990.05,2024-11-04 08:10:21
1634,269,37.81,2023-07-24 16:44:34,1,7,69,462,73,1,63,2,195,1,5208.98,2024-11-04 08:11:06
1635,101,449.18,2023-12-25 17:01:44,1,10,556,280,5,2,67,2,50,1,1025.99,2024-11-04 08:09:23
1636,353,297.6,2023-10-03 16:48:49,1,25,248,270,98,2,39,0,162,1,1461.17,2024-11-04 08:09:49
1637,162,683.75,2023-02-20 18:56:31,1,19,301,265,72,1,32,0,106,1,6333.72,2024-11-04 08:07:48
1638,77,21.4,2023-02-13 16:14:00,0,18,164,52,8,2,48,1,129,1,8551.6,2024-11-04 08:12:21
1639,206,315.94,2023-09-29 18:23:17,1,29,97,561,91,0,78,2,93,1,4273.99,2024-11-04 08:06:28
1640,395,223.76,2023-08-11 16:02:33,0,4,424,3,12,1,74,2,110,1,4102.23,2024-11-04 08:10:57
1641,176,216.03,2023-10-27 18:28:05,1,4,157,564,41,0,42,0,300,1,10462.77,2024-11-04 08:09:44
1642,269,17.42,2023-11-08 17:24:54,1,9,496,349,5,0,74,2,150,1,6851.31,2024-11-04 08:12:14
1643,348,491.91,2023-01-09 17:15:18,1,25,302,274,35,2,78,2,155,1,2421.94,2024-11-04 08:09:09
1644,24,350.11,2023-03-13 17:10:34,0,33,490,369,49,2,74,2,178,1,4639.04,2024-11-04 08:08:12
1645,486,218.07,2023-11-06 18:42:53,1,2,1,563,66,1,23,3,243,1,443.62,2024-11-04 08:06:31
1646,334,291.09,2023-11-20 18:53:47,1,12,566,449,18,1,48,1,73,1,6312.79,2024-11-04 08:08:42
1647,448,422.14,2023-11-17 17:31:06,0,0,557,15,26,1,26,3,109,1,1436.32,2024-11-04 08:07:24
1648,150,613.21,2023-03-15 17:45:31,1,40,590,505,97,0,61,2,157,1,3279.12,2024-11-04 08:10:22
1649,309,73.83,2023-01-05 18:29:09,1,19,526,431,96,2,69,0,69,1,6020.29,2024-11-04 08:06:50
1650,52,67.33,2023-04-13 18:15:52,1,11,518,90,72,2,59,1,36,1,5925.98,2024-11-04 08:07:11
1651,34,26.92,2023-05-18 18:15:02,1,16,662,447,52,0,62,2,43,1,1674.94,2024-11-04 08:07:16
1652,391,18.3,2023-02-13 16:21:46,1,23,303,206,10,2,48,1,155,1,3733.52,2024-11-04 08:08:03
1653,349,317.94,2023-01-25 17:46:40,1,20,322,212,90,0,54,1,124,1,2996.51,2024-11-04 08:11:41
1654,185,179.38,2023-03-13 17:16:57,1,23,212,295,27,2,40,0,173,1,11666.18,2024-11-04 08:10:30
1655,92,13.92,2023-05-29 17:30:14,1,20,532,568,23,0,37,1,209,1,2735.84,2024-11-04 08:09:58
1656,3,365.43,2023-11-23 16:51:06,1,32,144,100,13,0,25,3,176,1,1073.51,2024-11-04 08:09:24
1657,20,263.59,2023-01-23 16:03:04,1,9,320,146,51,1,71,2,16,1,6996.35,2024-11-04 08:12:00
1658,100,54.8,2023-06-01 16:15:49,1,0,164,557,92,1,34,1,140,1,4943.49,2024-11-04 08:08:57
1659,361,141.49,2023-09-20 16:57:04,1,3,632,146,6,2,24,3,75,1,1665.58,2024-11-04 08:11:28
1660,135,31.39,2023-01-09 17:09:31,1,40,208,246,67,0,20,3,15,1,998.49,2024-11-04 08:06:27
1661,284,93.82,2023-06-26 17:37:20,1,36,17,171,5,2,39,1,176,1,8422.06,2024-11-04 08:11:15
1662,452,5.71,2023-12-01 17:35:32,1,40,225,27,70,1,21,3,106,1,1285.42,2024-11-04 08:10:30
1663,486,178.39,2023-08-15 18:22:03,1,40,250,500,79,2,34,1,98,1,8469.43,2024-11-04 08:09:32
1664,57,126.91,2023-08-23 16:04:43,1,18,259,553,49,0,22,3,42,1,692.69,2024-11-04 08:08:11
1665,276,36.09,2023-06-16 16:19:02,1,8,321,580,94,1,53,0,167,1,12319.26,2024-11-04 08:07:59
1666,19,91.77,2023-03-15 17:39:11,1,29,484,573,41,1,51,0,174,1,9240.73,2024-11-04 08:07:12
1667,390,198.92,2023-10-23 16:47:56,1,25,291,414,19,2,36,1,100,1,2854.66,2024-11-04 08:10:19
1668,396,137.81,2023-10-26 16:52:14,1,11,253,126,66,1,58,1,44,1,2631.47,2024-11-04 08:07:40
1669,379,136.88,2023-07-18 17:41:52,0,22,525,52,28,1,24,3,71,1,7465.95,2024-11-04 08:10:54
1670,165,133.07,2023-09-13 16:22:48,1,34,301,320,0,1,21,3,155,1,1670.99,2024-11-04 08:08:41
1671,343,1.14,2023-10-23 16:15:08,1,16,156,576,70,1,43,0,137,1,13913.92,2024-11-04 08:11:37
1672,151,256.34,2023-08-21 16:42:02,1,18,366,559,56,1,69,2,99,1,7471.63,2024-11-04 08:07:03
1673,194,56.11,2023-03-27 17:25:28,1,4,643,90,24,1,36,0,109,1,11123.65,2024-11-04 08:06:58
1674,216,118.1,2023-09-25 16:07:30,1,13,265,490,57,0,50,1,50,1,7976.6,2024-11-04 08:12:07
1675,250,137.86,2023-08-28 16:16:57,0,34,414,35,95,2,66,0,120,1,8046.94,2024-11-04 08:11:15
1676,33,813.78,2023-08-07 17:42:03,0,1,602,13,11,0,54,0,55,1,14935.5,2024-11-04 08:08:31
1677,2,237.97,2023-01-09 17:26:46,1,8,478,210,88,0,69,0,69,1,13486.15,2024-11-04 08:06:37
1678,134,684.96,2023-01-09 16:19:47,1,23,428,192,69,0,21,3,31,1,526.67,2024-11-04 08:07:05
1679,332,878.63,2023-04-06 16:59:33,1,8,611,487,79,0,60,1,139,1,4954.37,2024-11-04 08:07:05
1680,260,276.56,2023-04-10 17:26:14,1,2,630,377,1,1,68,0,15,1,8942.58,2024-11-04 08:08:57
1681,350,8.75,2023-06-15 16:10:51,1,21,482,481,42,0,79,2,199,1,4044.62,2024-11-04 08:10:17
1682,300,637.48,2023-09-18 16:27:52,1,7,4,514,15,2,65,2,207,1,4148.85,2024-11-04 08:08:09
1683,295,103.15,2023-08-30 17:56:47,1,36,633,180,9,1,51,0,179,1,11388.15,2024-11-04 08:07:27
1684,296,505.6,2023-02-14 17:56:46,1,10,318,15,20,1,52,2,183,1,5347.57,2024-11-04 08:10:09
1685,152,371.86,2023-02-20 17:28:57,1,24,145,424,72,0,46,0,91,1,1329.45,2024-11-04 08:08:19
1686,198,14.26,2023-11-27 17:04:28,1,41,120,488,93,1,50,1,37,1,2475.65,2024-11-04 08:09:14
1687,3,13.16,2023-05-01 17:36:10,1,23,96,180,83,1,43,1,98,1,1019.46,2024-11-04 08:10:30
1688,299,73.01,2023-05-09 17:02:28,1,15,385,274,69,0,56,2,101,1,2833.12,2024-11-04 08:09:48
1689,84,201.5,2023-07-14 18:11:41,0,9,58,276,65,2,61,0,196,1,12148.32,2024-11-04 08:08:48
1690,477,150.3,2023-08-07 17:25:53,1,19,349,253,76,2,41,0,204,1,14371.08,2024-11-04 08:08:30
1691,283,23.7,2023-10-26 17:51:32,1,37,140,299,70,0,46,0,32,1,7947.44,2024-11-04 08:11:44
1692,132,49.59,2023-08-25 16:45:20,1,4,654,232,88,1,48,1,147,1,6037.03,2024-11-04 08:09:56
1693,128,720.13,2023-02-14 17:58:31,0,29,222,154,23,0,22,3,96,1,387.02,2024-11-04 08:07:31
1694,387,134.92,2023-10-31 16:46:18,1,20,611,76,20,2,19,3,101,1,1081.97,2024-11-04 08:09:40
1695,28,116.97,2023-07-12 16:52:54,1,28,53,366,40,0,18,3,299,1,729.7,2024-11-04 08:08:24
1696,129,88.29,2023-01-20 16:46:06,0,15,99,278,38,2,50,1,287,1,5245.93,2024-11-04 08:09:17
1697,229,5.81,2023-06-23 17:36:28,1,15,6,113,63,0,25,3,222,1,1290.95,2024-11-04 08:08:02
1698,16,103.48,2023-01-30 16:04:17,1,3,615,3,94,0,32,1,33,1,6494.25,2024-11-04 08:09:34
1699,69,156.74,2023-02-24 18:22:31,1,28,601,135,9,0,70,2,136,1,4004.35,2024-11-04 08:08:30
1700,126,505.14,2023-01-03 17:33:54,1,32,414,443,57,0,68,2,179,1,2525.47,2024-11-04 08:11:16
1701,71,31.06,2023-11-20 16:59:13,1,18,297,423,71,0,46,0,61,1,11014.25,2024-11-04 08:07:24
1702,347,7.61,2023-09-21 18:13:38,1,1,511,418,21,0,50,0,163,1,6275.0,2024-11-04 08:08:10
1703,206,276.16,2023-02-13 16:14:17,0,32,23,494,18,0,53,2,71,1,1733.34,2024-11-04 08:11:57
1704,390,145.77,2023-04-05 16:08:13,1,22,171,166,39,0,68,2,237,1,5294.98,2024-11-04 08:11:25
1705,433,369.44,2023-11-20 17:11:02,1,11,550,372,93,2,34,1,19,1,5018.67,2024-11-04 08:08:32
1706,61,558.86,2023-03-15 17:27:37,1,2,71,159,39,0,60,0,95,1,9844.32,2024-11-04 08:11:19
1707,200,429.15,2023-03-09 16:21:09,1,19,188,423,53,1,26,3,218,1,712.13,2024-11-04 08:11:30
1708,388,36.74,2023-02-06 17:21:37,1,40,61,249,93,1,33,0,133,1,6217.58,2024-11-04 08:07:57
1709,253,79.14,2023-04-12 17:21:31,0,32,230,213,60,2,57,2,22,1,2229.56,2024-11-04 08:08:52
1710,142,132.48,2023-08-09 18:38:49,1,5,95,430,61,1,36,1,101,1,9313.05,2024-11-04 08:07:12
1711,280,203.76,2023-10-02 16:33:09,1,7,86,358,11,1,55,2,37,1,6747.16,2024-11-04 08:09:45
1712,45,750.95,2023-09-08 18:16:31,1,6,531,98,99,1,78,2,27,1,5134.37,2024-11-04 08:11:09
1713,454,0.84,2024-01-01 16:45:56,1,2,507,100,35,0,52,1,31,1,2207.54,2024-11-04 08:07:14
1714,71,257.18,2023-07-10 17:00:03,1,20,461,542,9,2,67,0,28,1,13336.15,2024-11-04 08:10:15
1715,248,767.66,2023-05-08 17:44:34,1,38,73,273,84,0,63,0,155,1,1801.69,2024-11-04 08:12:04
1716,315,182.29,2023-05-10 16:55:57,1,36,188,83,31,2,54,0,123,1,522.39,2024-11-04 08:08:24
1717,456,184.51,2023-09-04 16:34:53,0,32,428,207,20,2,54,0,118,1,9381.64,2024-11-04 08:09:30
1718,357,144.1,2023-07-07 17:24:42,1,6,208,448,64,1,57,0,30,1,11523.64,2024-11-04 08:10:03
1719,442,72.5,2023-04-10 17:48:18,1,13,414,303,52,0,40,0,30,1,12723.62,2024-11-04 08:11:48
1720,178,22.15,2023-05-03 16:26:08,1,10,435,547,64,1,44,0,73,1,7451.83,2024-11-04 08:11:03
1721,210,777.92,2023-06-12 18:56:58,1,2,123,279,44,1,62,0,97,1,7061.58,2024-11-04 08:09:32
1722,464,790.07,2023-05-26 17:32:29,1,24,177,545,95,2,28,3,197,1,985.77,2024-11-04 08:10:46
1723,445,406.33,2023-10-02 16:41:51,0,24,276,147,65,1,59,1,103,1,4298.34,2024-11-04 08:07:41
1724,189,767.41,2023-09-07 16:28:19,1,13,57,56,20,0,56,0,27,1,12799.34,2024-11-04 08:08:55
1725,372,4.58,2023-10-19 16:13:30,0,1,158,562,98,2,21,3,135,1,811.24,2024-11-04 08:06:26
1726,141,447.83,2023-08-15 16:22:06,0,1,568,184,29,1,53,0,88,1,13273.08,2024-11-04 08:07:29
1727,492,49.67,2023-02-20 18:48:52,1,1,539,240,29,2,21,3,146,1,842.94,2024-11-04 08:08:23
1728,166,77.83,2023-12-27 16:40:01,0,18,307,398,66,1,49,1,146,1,2471.53,2024-11-04 08:10:31
1729,83,702.87,2023-06-07 17:06:21,1,42,339,344,32,0,19,3,184,1,1237.5,2024-11-04 08:11:14
1730,142,133.56,2023-01-24 18:43:06,1,1,400,187,70,2,25,3,177,1,783.83,2024-11-04 08:06:58
1731,182,868.05,2023-01-12 16:35:36,0,36,248,288,23,2,49,1,119,1,3931.03,2024-11-04 08:09:57
1732,333,52.87,2023-03-31 17:25:22,1,16,52,565,54,1,24,3,70,1,960.96,2024-11-04 08:11:49
1733,378,179.0,2023-09-06 16:01:35,1,15,561,444,52,0,78,2,121,1,7310.88,2024-11-04 08:10:18
1734,2,384.11,2023-05-15 16:35:43,1,13,281,279,31,0,58,2,12,1,7902.52,2024-11-04 08:06:36
1735,372,227.61,2023-08-07 16:16:26,1,15,158,357,24,2,71,2,61,1,4405.28,2024-11-04 08:07:41
1736,214,40.83,2023-08-16 16:40:51,1,16,602,1,39,0,48,1,24,1,3944.12,2024-11-04 08:12:04
1737,275,19.76,2023-03-31 17:50:09,1,26,596,196,36,0,20,3,240,1,1523.04,2024-11-04 08:10:08
1738,181,484.24,2023-05-29 16:40:15,1,33,294,515,18,1,67,0,77,1,8042.3,2024-11-04 08:06:44
1739,450,494.66,2023-06-19 16:59:35,1,15,480,90,8,2,33,0,110,1,5531.93,2024-11-04 08:06:25
1740,149,301.47,2023-01-26 16:13:15,1,7,29,404,39,1,21,3,291,1,560.73,2024-11-04 08:09:25
1741,360,199.09,2023-05-19 16:54:16,1,11,638,165,77,2,70,0,89,1,1658.52,2024-11-04 08:08:46
1742,377,38.95,2023-10-18 16:44:17,1,20,644,332,99,2,27,1,50,1,731.52,2024-11-04 08:08:49
1743,74,515.94,2023-12-22 16:42:33,1,37,583,375,48,0,29,1,37,1,1389.89,2024-11-04 08:11:10
1744,285,41.93,2023-02-13 16:44:18,1,14,577,333,54,0,48,1,136,1,5081.26,2024-11-04 08:06:24
1745,341,137.84,2023-11-13 16:03:01,1,29,532,281,68,0,27,3,83,1,1000.35,2024-11-04 08:09:26
1746,32,95.35,2023-07-26 16:27:19,1,6,335,413,31,2,21,3,131,1,1639.9,2024-11-04 08:07:22
1747,367,93.14,2023-01-02 16:47:11,1,22,599,548,91,2,67,2,151,1,5473.82,2024-11-04 08:07:53
1748,457,79.33,2023-12-06 16:10:00,0,19,152,494,25,2,51,0,109,1,14798.1,2024-11-04 08:07:06
1749,29,76.89,2023-05-10 17:49:57,1,6,646,293,10,0,55,0,132,1,7374.26,2024-11-04 08:10:31
1750,425,233.71,2023-03-13 17:30:20,1,17,433,48,39,2,19,3,297,1,1231.98,2024-11-04 08:12:09
1751,238,14.92,2023-05-22 16:51:28,1,19,501,468,43,1,26,1,120,1,6611.26,2024-11-04 08:07:33
1752,492,242.17,2023-06-08 16:28:29,1,17,425,36,31,0,60,0,147,1,883.72,2024-11-04 08:10:41
1753,63,122.98,2023-07-24 16:15:58,1,17,252,44,19,2,79,2,228,1,5055.99,2024-11-04 08:09:50
1754,485,129.35,2023-08-28 16:31:48,1,19,606,230,39,0,52,1,130,1,7166.88,2024-11-04 08:09:41
1755,60,138.33,2023-07-07 17:58:29,1,9,179,388,10,2,21,3,69,1,232.56,2024-11-04 08:09:17
1756,25,39.31,2023-10-30 17:24:55,1,32,377,310,52,2,25,3,178,1,1236.38,2024-11-04 08:06:47
1757,198,91.85,2023-10-16 16:50:31,1,39,453,496,39,2,21,3,148,1,802.09,2024-11-04 08:12:14
1758,371,277.7,2023-06-22 16:38:46,1,26,470,170,10,1,58,1,107,1,1423.2,2024-11-04 08:11:43
1759,264,114.03,2023-11-24 16:30:21,1,32,9,5,80,0,51,0,172,1,13388.56,2024-11-04 08:11:42
1760,234,302.63,2023-02-28 17:24:26,0,38,427,235,51,1,27,1,10,1,2801.28,2024-11-04 08:07:17
1761,68,31.19,2023-04-25 16:23:59,1,5,393,573,22,0,52,1,74,1,5545.96,2024-11-04 08:09:33
1762,279,112.91,2023-11-15 18:04:22,0,40,422,462,30,2,27,1,135,1,4764.48,2024-11-04 08:09:36
1763,332,742.26,2023-06-20 17:04:02,1,36,653,216,55,2,27,1,36,1,7868.19,2024-11-04 08:10:01
1764,49,256.8,2023-02-24 16:49:51,1,5,141,219,13,0,26,3,80,1,1128.38,2024-11-04 08:09:22
1765,323,378.68,2023-01-06 17:23:59,1,13,628,389,94,0,60,0,239,1,7627.04,2024-11-04 08:07:11
1766,62,571.93,2023-09-20 17:44:37,1,42,224,45,47,2,52,2,119,1,4026.03,2024-11-04 08:06:42
1767,227,26.31,2023-08-11 16:38:16,0,2,375,247,27,2,77,2,163,1,7095.76,2024-11-04 08:06:54
1768,356,205.58,2023-08-16 17:49:13,1,32,527,360,4,2,20,3,159,1,1501.95,2024-11-04 08:07:55
1769,357,533.61,2023-12-20 16:17:11,1,23,311,503,42,2,48,1,115,1,3656.93,2024-11-04 08:11:43
1770,193,428.62,2023-06-05 16:02:04,1,33,38,512,27,1,55,2,72,1,3473.24,2024-11-04 08:10:24
1771,354,361.22,2023-04-17 17:58:55,1,33,325,218,27,0,64,2,167,1,7061.73,2024-11-04 08:10:24
1772,492,837.29,2023-11-27 16:14:25,1,31,184,347,1,1,25,3,216,1,6012.67,2024-11-04 08:07:12
1773,210,117.25,2023-04-03 16:35:30,0,1,271,587,90,2,31,0,73,1,13694.68,2024-11-04 08:08:29
1774,163,135.27,2023-08-10 16:16:41,1,1,506,198,49,0,48,0,131,1,9410.51,2024-11-04 08:09:32
1775,294,185.1,2023-08-08 16:21:01,1,0,639,334,4,1,53,2,23,1,6115.63,2024-11-04 08:10:41
1776,117,113.54,2023-09-22 16:42:46,1,8,5,156,35,2,38,1,273,1,5581.21,2024-11-04 08:08:45
1777,403,354.96,2023-11-29 16:27:38,1,13,273,451,13,2,69,0,96,1,6712.94,2024-11-04 08:08:19
1778,98,224.22,2023-01-23 18:45:00,1,14,404,139,85,1,53,0,37,1,8400.87,2024-11-04 08:12:18
1779,239,737.1,2023-07-19 16:11:01,1,42,612,127,31,0,60,2,92,1,4644.19,2024-11-04 08:11:08
1780,376,223.22,2023-07-17 16:20:27,1,13,380,503,17,0,27,3,96,1,1734.22,2024-11-04 08:08:15
1781,383,557.26,2023-10-04 17:06:57,1,38,180,287,75,0,69,0,53,1,5237.12,2024-11-04 08:09:49
1782,270,27.44,2023-11-06 17:23:43,1,4,434,227,56,0,62,2,164,1,5950.48,2024-11-04 08:08:43
1783,227,310.09,2023-11-24 16:49:29,1,11,388,559,67,1,36,0,166,1,9962.5,2024-11-04 08:10:52
1784,443,80.38,2023-03-06 16:25:52,1,18,661,1,63,2,52,0,116,1,9662.88,2024-11-04 08:09:54
1785,243,26.1,2023-12-01 17:45:05,0,11,16,210,31,1,66,0,115,1,5243.0,2024-11-04 08:10:24
1786,296,845.14,2023-01-09 16:21:35,0,28,152,531,25,1,73,2,183,1,1702.65,2024-11-04 08:11:10
1787,22,59.73,2023-05-22 16:38:39,1,14,656,246,18,0,27,3,56,1,800.93,2024-11-04 08:10:10
1788,267,758.77,2023-06-23 16:12:15,1,35,319,190,8,0,60,1,114,1,7231.47,2024-11-04 08:08:24
1789,371,301.51,2023-02-24 16:33:33,1,5,489,272,88,0,22,3,284,1,1052.31,2024-11-04 08:11:09
1790,271,418.03,2023-09-04 17:46:40,1,2,374,439,50,2,58,0,161,1,10721.29,2024-11-04 08:08:43
1791,421,118.06,2023-05-24 17:07:57,0,19,424,509,81,1,32,0,31,1,13560.63,2024-11-04 08:07:10
1792,217,483.92,2023-10-16 18:57:30,1,27,45,124,91,0,70,2,115,1,3138.0,2024-11-04 08:06:59
1793,364,78.93,2023-02-17 16:41:31,1,23,579,333,98,0,38,0,145,1,9916.24,2024-11-04 08:12:17
1794,184,36.63,2023-05-04 17:02:55,1,24,539,173,93,0,75,2,261,1,7941.73,2024-11-04 08:07:35
1795,288,87.85,2023-12-13 17:25:54,1,7,629,238,61,1,49,1,63,1,3753.24,2024-11-04 08:07:16
1796,15,705.34,2023-09-12 18:52:56,1,42,541,492,25,2,59,0,124,1,5003.22,2024-11-04 08:12:18
1797,4,116.89,2023-11-20 16:31:15,1,8,315,127,63,2,71,2,226,1,4880.31,2024-11-04 08:06:37
1798,187,106.41,2023-01-16 16:37:34,1,20,455,550,62,1,57,2,87,1,1310.38,2024-11-04 08:07:01
1799,401,584.41,2023-01-02 16:51:47,1,19,313,74,50,0,23,3,41,1,4475.22,2024-11-04 08:11:29
1800,192,584.98,2023-06-12 16:25:22,0,6,171,305,92,1,55,2,121,1,6521.05,2024-11-04 08:07:59
1801,255,79.21,2023-11-24 17:52:34,1,7,13,193,54,1,56,2,140,1,1615.04,2024-11-04 08:07:01
1802,5,173.13,2023-10-05 16:46:31,0,1,466,451,43,2,20,3,288,1,1490.34,2024-11-04 08:07:24
1803,289,335.7,2023-01-30 17:47:41,1,12,176,241,11,0,80,2,57,1,6601.44,2024-11-04 08:10:11
1804,12,422.81,2023-11-20 16:07:20,1,20,49,524,35,1,28,3,193,1,1929.28,2024-11-04 08:10:28
1805,380,135.43,2023-10-06 16:14:51,1,38,601,69,30,0,57,2,92,1,5315.83,2024-11-04 08:08:57
1806,251,584.88,2023-12-19 17:19:47,1,30,197,566,41,0,26,3,121,1,548.45,2024-11-04 08:11:03
1807,433,308.94,2023-04-03 16:35:29,1,20,625,447,91,2,25,3,167,1,1931.66,2024-11-04 08:07:47
1808,86,295.93,2023-02-20 17:26:39,1,4,397,124,20,1,36,0,117,1,1050.63,2024-11-04 08:09:56
1809,240,77.44,2023-06-26 16:28:59,1,42,212,280,10,1,58,2,268,1,1950.63,2024-11-04 08:10:59
1810,185,92.5,2023-09-25 16:22:10,0,39,500,45,79,2,40,1,70,1,6295.45,2024-11-04 08:08:25
1811,222,97.74,2023-09-04 16:46:29,0,20,206,349,45,2,41,1,137,1,4113.63,2024-11-04 08:07:15
1812,273,291.68,2023-08-07 18:07:57,1,8,20,513,57,0,21,3,90,1,1451.02,2024-11-04 08:11:59
1813,306,56.96,2023-06-26 17:38:30,1,0,363,511,10,0,22,3,135,1,1597.85,2024-11-04 08:07:18
1814,203,436.8,2023-07-03 16:15:11,1,39,594,261,81,2,27,3,92,1,1256.33,2024-11-04 08:10:00
1815,324,259.49,2023-06-09 16:31:56,1,2,416,184,44,2,72,2,292,1,7320.61,2024-11-04 08:07:31
1816,333,726.26,2023-02-13 17:13:49,1,29,369,505,34,2,57,2,147,1,2150.38,2024-11-04 08:06:49
1817,403,568.68,2023-04-25 18:47:16,1,15,274,258,74,0,72,2,101,1,2940.04,2024-11-04 08:08:39
1818,112,77.57,2023-12-13 17:02:21,1,1,424,97,90,2,49,0,225,1,12801.93,2024-11-04 08:07:54
1819,367,14.16,2023-01-09 16:49:07,0,28,640,65,75,1,74,2,290,1,5399.76,2024-11-04 08:10:20
1820,230,61.33,2023-09-20 18:18:00,1,33,196,202,17,0,27,1,129,1,7537.4,2024-11-04 08:06:27
1821,256,27.64,2023-06-09 17:14:26,1,27,43,321,64,2,54,1,23,1,7498.51,2024-11-04 08:08:22
1822,450,3.85,2023-04-17 16:27:27,1,38,57,514,24,0,29,0,32,1,10506.41,2024-11-04 08:08:51
1823,327,431.22,2023-04-21 16:25:49,0,2,291,36,50,1,73,2,129,1,6505.98,2024-11-04 08:07:30
1824,240,178.55,2023-12-15 16:16:30,1,15,605,171,75,1,55,1,67,1,7568.4,2024-11-04 08:12:21
1825,382,248.76,2023-05-24 16:12:18,1,10,321,535,90,0,18,3,56,1,546.46,2024-11-04 08:06:33
1826,7,76.16,2023-11-21 16:45:29,1,37,519,7,59,0,23,3,99,1,1072.25,2024-11-04 08:12:04
1827,64,347.25,2023-01-30 18:49:52,1,16,621,395,61,0,69,0,250,1,7273.55,2024-11-04 08:08:01
1828,346,325.98,2023-07-20 16:58:39,1,42,226,116,85,0,19,3,277,1,782.35,2024-11-04 08:08:23
1829,475,249.56,2023-11-20 16:05:05,1,27,592,444,82,1,76,2,246,1,4444.95,2024-11-04 08:11:08
1830,336,17.43,2023-02-23 16:21:38,1,0,552,156,41,0,56,0,33,1,10658.88,2024-11-04 08:08:36
1831,63,198.01,2023-04-24 17:46:41,0,2,143,549,4,1,26,3,40,1,250.93,2024-11-04 08:10:09
1832,243,585.58,2023-09-04 16:13:40,1,33,558,222,90,1,23,3,55,1,1729.02,2024-11-04 08:09:16
1833,174,434.67,2023-12-05 18:33:02,0,41,105,81,23,2,27,3,124,1,1298.13,2024-11-04 08:10:09
1834,137,510.7,2023-06-07 16:35:27,0,26,163,162,39,2,27,3,294,1,5828.48,2024-11-04 08:07:57
1835,247,331.98,2023-08-28 16:40:01,1,10,292,482,46,0,74,2,12,1,7600.99,2024-11-04 08:09:26
1836,281,199.54,2023-10-10 17:24:33,1,32,606,171,69,2,56,1,268,1,9603.73,2024-11-04 08:10:49
1837,0,212.97,2023-11-14 16:56:34,1,1,472,435,2,2,59,1,178,1,4180.4,2024-11-04 08:10:42
1838,447,270.56,2023-02-17 16:57:32,1,30,198,470,37,2,23,3,139,1,1268.44,2024-11-04 08:08:05
1839,286,306.37,2023-06-27 18:26:08,1,7,465,323,14,0,26,1,120,1,9609.67,2024-11-04 08:07:43
1840,111,643.02,2023-10-02 17:47:19,0,11,514,396,64,0,38,0,85,1,11989.39,2024-11-04 08:07:01
1841,384,98.48,2023-02-16 17:14:41,1,24,423,306,89,1,47,1,12,1,9538.92,2024-11-04 08:11:29
1842,339,889.01,2023-08-29 17:55:07,1,41,289,289,29,2,36,1,169,1,4826.88,2024-11-04 08:11:23
1843,10,537.86,2023-09-19 16:44:21,1,18,156,121,0,2,27,3,134,1,293.06,2024-11-04 08:09:27
1844,104,241.18,2023-05-30 18:29:15,1,23,591,65,24,0,25,3,162,1,1445.53,2024-11-04 08:06:56
1845,85,130.54,2023-04-05 17:20:36,1,1,524,218,73,0,64,0,94,1,11204.62,2024-11-04 08:09:50
1846,435,800.29,2023-12-04 16:25:27,0,36,383,50,32,1,20,3,84,1,693.4,2024-11-04 08:11:42
1847,67,8.81,2023-05-22 16:57:30,1,9,445,402,45,2,57,0,165,1,13523.65,2024-11-04 08:09:40
1848,19,28.52,2023-06-02 16:54:12,1,11,675,417,20,0,20,3,163,1,662.51,2024-11-04 08:08:28
1849,169,431.31,2023-05-01 16:18:16,0,1,350,362,20,2,23,3,99,1,342.73,2024-11-04 08:09:29
1850,232,885.33,2023-08-22 18:41:50,0,33,396,420,24,0,47,1,59,1,7764.16,2024-11-04 08:10:03
1851,183,199.23,2023-09-04 16:04:27,1,40,179,368,51,0,29,1,54,1,9834.0,2024-11-04 08:07:46
1852,163,42.26,2023-10-26 16:19:25,1,33,208,476,79,0,44,0,171,1,268.77,2024-11-04 08:09:35
1853,432,166.06,2023-07-14 16:06:06,1,16,190,551,19,0,30,1,172,1,5397.68,2024-11-04 08:07:04
1854,429,357.72,2023-08-07 17:29:48,1,24,321,384,81,0,53,2,25,1,7659.5,2024-11-04 08:11:19
1855,466,588.37,2023-01-05 17:48:29,1,9,463,447,99,2,28,3,284,1,1926.08,2024-11-04 08:07:39
1856,440,72.82,2023-11-10 16:50:35,1,15,436,370,62,2,68,0,127,1,6911.62,2024-11-04 08:06:49
1857,421,162.36,2023-11-22 16:10:32,1,40,303,77,68,2,36,1,147,1,7527.04,2024-11-04 08:09:02
1858,226,584.82,2023-10-17 16:11:26,0,26,571,304,56,2,43,0,109,1,12071.1,2024-11-04 08:09:47
1859,169,38.15,2023-10-06 16:37:16,0,28,657,32,64,2,72,2,129,1,1425.47,2024-11-04 08:12:23
1860,101,477.54,2023-08-21 17:20:05,0,37,369,379,62,0,23,3,52,1,1598.63,2024-11-04 08:06:48
1861,461,639.57,2023-12-18 16:25:18,1,30,162,255,12,1,60,0,43,1,11726.47,2024-11-04 08:12:02
1862,92,58.23,2023-07-26 17:25:23,1,31,484,302,67,2,28,3,34,1,9189.76,2024-11-04 08:09:59
1863,227,776.21,2023-02-22 17:15:20,0,33,631,336,35,2,78,2,99,1,4895.87,2024-11-04 08:06:38
1864,30,248.76,2023-03-20 18:51:53,1,32,373,142,69,1,21,3,117,1,6178.77,2024-11-04 08:09:07
1865,236,188.61,2024-01-01 17:16:23,1,4,434,24,82,2,67,2,26,1,7167.57,2024-11-04 08:06:23
1866,258,675.37,2023-12-29 16:45:06,0,17,488,6,0,2,56,2,31,1,4704.91,2024-11-04 08:11:11
1867,11,94.82,2023-03-21 16:36:30,0,8,121,224,10,1,67,2,56,1,1267.72,2024-11-04 08:12:17
1868,8,425.18,2023-02-20 16:16:39,0,14,261,376,56,2,59,1,135,1,5790.55,2024-11-04 08:11:26
1869,39,50.28,2023-02-02 16:20:28,1,28,524,284,56,1,60,1,65,1,5729.1,2024-11-04 08:06:46
1870,312,864.72,2023-08-25 16:35:39,0,11,597,183,17,1,34,1,58,1,7379.38,2024-11-04 08:11:10
1871,469,70.68,2023-11-22 17:01:08,1,12,136,84,15,2,25,3,105,1,1478.41,2024-11-04 08:10:55
1872,178,261.77,2023-01-12 18:07:21,1,6,25,545,3,2,28,3,46,1,824.71,2024-11-04 08:11:48
1873,118,183.22,2023-10-05 18:40:15,1,25,281,494,98,0,27,3,63,1,1024.42,2024-11-04 08:07:27
1874,493,156.86,2023-01-30 16:37:53,1,5,164,28,98,0,51,0,102,1,14453.35,2024-11-04 08:10:27
1875,287,120.67,2023-12-25 18:16:39,1,7,117,339,39,0,42,0,233,1,5374.54,2024-11-04 08:12:08
1876,430,308.62,2023-10-06 18:59:06,0,34,463,487,46,1,59,1,101,1,9148.08,2024-11-04 08:06:47
1877,470,506.81,2023-12-20 16:17:24,1,25,625,106,90,0,59,1,41,1,2757.23,2024-11-04 08:08:00
1878,385,328.39,2023-11-09 16:47:01,1,27,379,31,12,0,41,1,108,1,2523.83,2024-11-04 08:11:57
1879,262,796.3,2023-03-22 16:03:01,1,2,219,573,61,1,67,2,64,1,1498.79,2024-11-04 08:08:32
1880,32,72.47,2023-10-17 18:02:43,1,4,65,559,82,2,29,0,72,1,1305.56,2024-11-04 08:11:10
1881,419,279.6,2023-05-31 16:28:06,1,13,435,236,96,0,25,3,131,1,1910.9,2024-11-04 08:06:53
1882,46,304.2,2023-06-08 16:06:13,1,16,627,29,82,2,25,3,102,1,423.64,2024-11-04 08:10:19
1883,108,351.38,2023-06-26 18:41:55,1,27,247,440,25,1,64,2,21,1,7606.63,2024-11-04 08:06:32
1884,421,86.07,2023-11-20 18:40:45,1,9,342,269,77,1,31,0,23,1,842.56,2024-11-04 08:12:19
1885,477,604.5,2023-08-08 18:39:24,1,32,481,388,72,0,28,3,80,1,709.42,2024-11-04 08:06:32
1886,305,258.7,2023-02-22 17:12:15,1,5,276,183,34,0,27,3,123,1,1358.37,2024-11-04 08:06:36
1887,357,11.46,2023-01-31 17:14:32,0,2,226,230,26,1,75,2,64,1,7258.33,2024-11-04 08:08:10
1888,78,63.76,2023-06-27 17:44:24,1,35,206,93,1,0,69,2,100,1,4980.26,2024-11-04 08:10:22
1889,156,446.83,2023-06-26 18:51:31,0,24,362,524,50,1,55,2,143,1,1623.5,2024-11-04 08:09:33
1890,31,63.54,2023-05-22 18:23:18,1,9,190,455,44,0,26,1,136,1,4401.78,2024-11-04 08:07:31
1891,485,81.11,2023-10-16 18:07:26,1,5,385,456,43,2,48,1,110,1,2051.37,2024-11-04 08:07:46
1892,56,170.96,2023-12-28 16:46:46,1,42,619,583,82,1,64,0,69,1,13374.89,2024-11-04 08:06:53
1893,421,48.51,2023-01-09 17:22:18,1,2,426,542,8,1,22,3,69,1,3363.23,2024-11-04 08:10:53
1894,231,325.03,2023-01-11 17:04:19,1,17,280,36,97,1,60,0,106,1,13521.76,2024-11-04 08:10:08
1895,142,125.83,2023-05-29 17:14:03,1,20,585,45,0,0,57,2,138,1,6109.86,2024-11-04 08:11:30
1896,251,506.83,2023-04-24 17:27:12,1,16,393,58,63,1,37,1,45,1,9975.79,2024-11-04 08:07:31
1897,52,738.94,2023-10-09 18:54:21,1,30,161,431,84,1,41,0,173,1,13856.18,2024-11-04 08:08:51
1898,485,180.36,2023-05-30 16:12:10,0,28,434,239,20,2,33,1,55,1,9905.23,2024-11-04 08:06:40
1899,491,225.1,2023-12-11 17:28:44,1,4,46,348,81,0,28,3,35,1,1547.71,2024-11-04 08:07:08
1900,4,359.51,2023-11-30 18:08:39,1,5,142,391,9,2,79,2,157,1,7153.72,2024-11-04 08:12:11
1901,201,720.46,2023-12-07 16:10:40,1,40,271,260,67,1,54,2,44,1,3101.54,2024-11-04 08:08:35
1902,18,291.46,2023-02-08 16:29:56,1,24,640,143,45,0,57,2,135,1,7142.53,2024-11-04 08:10:03
1903,443,98.24,2023-04-10 17:58:46,1,23,4,272,30,2,28,3,148,1,580.66,2024-11-04 08:08:58
1904,210,100.48,2023-02-17 16:53:25,0,25,137,100,99,1,18,3,104,1,6149.81,2024-11-04 08:12:12
1905,74,45.9,2023-07-04 18:55:57,1,8,544,359,1,1,56,1,264,1,5698.25,2024-11-04 08:07:45
1906,436,258.21,2023-11-27 17:19:31,1,35,510,504,13,2,39,0,225,1,9562.41,2024-11-04 08:10:11
1907,79,287.51,2023-05-22 16:57:31,1,12,673,257,15,2,22,3,255,1,187.65,2024-11-04 08:08:19
1908,70,501.3,2023-05-22 18:27:37,0,35,411,286,19,2,26,1,146,1,8520.08,2024-11-04 08:08:07
1909,256,26.1,2023-02-17 16:21:21,1,23,340,524,0,0,27,3,32,1,1435.72,2024-11-04 08:07:09
1910,80,436.77,2023-09-28 16:14:49,1,17,272,442,74,0,20,3,176,1,825.69,2024-11-04 08:09:11
1911,329,292.38,2023-05-15 16:49:14,1,3,662,381,0,0,68,0,224,1,5803.89,2024-11-04 08:09:42
1912,475,25.29,2023-07-27 18:34:19,1,24,109,425,4,2,50,1,125,1,5374.69,2024-11-04 08:06:44
1913,234,123.35,2023-08-11 17:00:56,0,3,166,216,69,2,31,0,10,1,6852.16,2024-11-04 08:09:58
1914,388,139.52,2023-09-22 18:02:42,1,32,484,346,24,1,23,3,31,1,1570.22,2024-11-04 08:08:00
1915,368,51.2,2023-03-13 18:45:47,1,40,103,327,65,2,18,3,83,1,730.6,2024-11-04 08:06:44
1916,276,161.38,2023-11-09 16:06:17,0,7,665,512,18,2,24,3,101,1,3900.34,2024-11-04 08:10:55
1917,138,2.51,2023-04-17 16:04:21,1,3,519,438,98,2,63,2,32,1,4891.56,2024-11-04 08:11:22
1918,56,22.62,2023-05-10 16:35:02,1,41,31,286,74,0,64,0,102,1,7682.0,2024-11-04 08:11:17
1919,64,126.83,2023-02-20 16:40:25,1,2,570,323,6,1,57,2,39,1,6100.98,2024-11-04 08:10:31
1920,187,46.6,2023-08-30 17:54:55,1,11,28,134,59,2,55,0,68,1,1562.9,2024-11-04 08:06:23
1921,446,243.8,2023-01-03 16:42:41,1,37,530,494,15,1,57,0,48,1,13732.81,2024-11-04 08:10:09
1922,97,231.51,2023-08-28 17:22:16,0,28,364,316,7,1,60,2,96,1,5790.7,2024-11-04 08:12:09
1923,124,175.05,2023-01-02 17:05:16,1,37,289,367,67,2,39,1,34,1,1447.35,2024-11-04 08:08:09
1924,20,762.74,2023-05-02 17:24:54,1,20,191,529,52,0,64,0,244,1,207.1,2024-11-04 08:06:39
1925,347,34.03,2023-05-22 17:09:30,1,20,131,116,15,1,57,1,38,1,3077.2,2024-11-04 08:09:59
1926,476,15.95,2023-03-14 17:10:00,1,33,644,265,47,1,25,3,52,1,1983.0,2024-11-04 08:11:39
1927,424,101.51,2023-03-23 16:17:51,0,40,54,378,41,2,46,1,199,1,3052.47,2024-11-04 08:11:54
1928,41,309.42,2023-10-18 16:51:31,1,14,378,340,88,1,27,1,42,1,8564.46,2024-11-04 08:10:21
1929,183,257.6,2023-12-18 16:30:46,0,13,554,421,3,2,59,2,293,1,7950.74,2024-11-04 08:09:57
1930,243,746.78,2023-11-27 16:29:16,0,23,237,41,0,1,21,3,64,1,1699.81,2024-11-04 08:07:44
1931,67,82.01,2023-12-25 17:27:57,0,34,430,331,96,1,23,3,156,1,287.46,2024-11-04 08:07:14
1932,1,476.99,2023-01-10 16:00:32,1,36,571,45,21,2,23,3,187,1,1154.48,2024-11-04 08:10:10
1933,88,320.11,2023-08-31 16:26:37,1,12,590,552,24,1,23,3,130,1,4076.48,2024-11-04 08:07:38
1934,207,333.39,2023-09-11 16:36:59,1,30,238,4,14,0,68,0,35,1,10628.59,2024-11-04 08:08:37
1935,13,10.3,2023-12-07 16:59:06,1,14,474,145,21,0,47,1,197,1,7801.32,2024-11-04 08:10:12
1936,20,416.55,2023-05-05 17:31:53,1,28,413,251,37,2,33,1,73,1,922.96,2024-11-04 08:07:20
1937,237,84.91,2023-10-16 18:38:15,1,33,642,115,33,2,18,3,68,1,1671.86,2024-11-04 08:06:59
1938,407,98.95,2023-12-29 17:37:37,1,23,415,38,83,1,75,2,73,1,5670.82,2024-11-04 08:07:52
1939,80,18.14,2023-02-17 18:46:59,0,25,557,588,96,0,58,2,48,1,6020.85,2024-11-04 08:11:08
1940,96,215.13,2023-01-05 16:02:42,1,5,583,179,15,2,46,1,114,1,3956.69,2024-11-04 08:08:16
1941,366,218.57,2023-10-16 16:30:38,0,22,93,35,3,1,62,0,102,1,13869.86,2024-11-04 08:08:19
1942,269,341.88,2023-06-14 16:34:43,1,2,309,381,52,0,43,1,89,1,4159.52,2024-11-04 08:11:00
1943,78,691.92,2023-07-10 16:37:18,1,4,182,189,9,2,19,3,61,1,1084.65,2024-11-04 08:12:13
1944,62,50.43,2023-07-10 16:06:28,1,38,42,181,56,1,32,0,51,1,9794.26,2024-11-04 08:09:10
1945,236,440.43,2023-09-21 17:41:34,1,7,590,36,14,1,78,2,23,1,5123.24,2024-11-04 08:07:52
1946,53,299.03,2023-01-19 17:27:01,1,8,366,275,17,1,39,1,52,1,1381.28,2024-11-04 08:10:02
1947,212,1.98,2023-12-25 17:41:33,1,39,665,435,73,0,66,0,170,1,11619.1,2024-11-04 08:10:47
1948,35,173.45,2023-12-25 16:25:43,1,30,52,101,65,0,31,1,161,1,9077.62,2024-11-04 08:07:11
1949,320,438.76,2023-02-13 16:48:50,1,35,73,236,71,1,22,3,73,1,1824.19,2024-11-04 08:11:13
1950,388,519.62,2023-11-23 17:42:11,0,42,45,456,25,2,71,2,40,1,4159.33,2024-11-04 08:06:37
1951,162,738.68,2023-03-07 16:36:08,1,6,354,287,95,2,50,0,124,1,14352.33,2024-11-04 08:11:40
1952,94,151.14,2023-06-01 16:18:49,1,22,140,120,3,2,64,2,38,1,2156.54,2024-11-04 08:11:40
1953,396,75.77,2023-08-07 17:48:31,1,5,168,351,89,1,51,1,148,1,8361.7,2024-11-04 08:09:47
1954,75,444.52,2023-04-04 16:11:34,1,21,520,341,25,2,27,1,17,1,5424.6,2024-11-04 08:06:58
1955,114,5.29,2023-03-08 18:51:57,1,16,461,366,61,2,52,0,276,1,11263.89,2024-11-04 08:09:14
1956,143,97.63,2023-05-15 16:05:06,0,25,230,13,22,2,48,0,127,1,12467.31,2024-11-04 08:11:10
1957,451,256.95,2023-05-04 16:37:21,1,36,647,445,46,1,26,1,71,1,2531.24,2024-11-04 08:08:10
1958,20,734.86,2023-12-08 16:36:30,0,4,193,92,74,1,48,1,290,1,6242.03,2024-11-04 08:08:49
1959,279,84.28,2023-06-12 17:09:17,1,22,396,502,86,1,39,0,142,1,13586.06,2024-11-04 08:07:40
1960,63,202.49,2023-12-28 16:30:32,0,41,167,577,49,0,48,1,69,1,7447.1,2024-11-04 08:08:28
1961,433,154.99,2023-08-28 17:07:08,1,23,560,544,24,1,25,3,53,1,1419.31,2024-11-04 08:08:06
1962,155,481.53,2023-09-12 17:21:48,1,1,140,359,86,1,58,2,277,1,6142.54,2024-11-04 08:11:54
1963,12,172.92,2023-08-28 16:56:05,1,24,499,341,51,2,20,3,212,1,416.37,2024-11-04 08:08:14
1964,349,275.59,2023-10-10 16:49:03,0,30,237,88,62,1,53,2,238,1,6313.22,2024-11-04 08:10:12
1965,153,207.2,2024-01-01 16:12:32,1,8,581,339,27,2,60,1,133,1,8092.94,2024-11-04 08:06:23
1966,103,136.82,2023-08-25 18:24:06,1,6,521,449,90,1,31,1,14,1,6229.13,2024-11-04 08:08:03
1967,292,179.38,2023-08-10 18:31:00,1,6,479,40,73,2,30,1,28,1,8741.51,2024-11-04 08:08:34
1968,202,26.3,2023-12-12 16:57:29,1,41,205,426,28,0,32,0,33,1,7473.73,2024-11-04 08:09:28
1969,146,319.5,2023-06-09 16:03:24,0,41,493,463,80,1,29,1,69,1,2366.3,2024-11-04 08:10:45
1970,62,182.42,2023-03-22 16:59:56,1,18,495,385,79,1,51,2,137,1,3051.29,2024-11-04 08:10:41
1971,338,716.62,2023-04-10 16:04:28,1,1,299,469,83,0,44,0,241,1,6987.4,2024-11-04 08:10:05
1972,442,222.96,2023-03-23 17:26:31,0,14,315,311,72,0,65,0,150,1,7370.41,2024-11-04 08:12:21
1973,440,79.77,2023-01-23 16:50:55,1,37,373,456,65,0,68,2,167,1,5010.31,2024-11-04 08:08:44
1974,454,431.08,2023-07-17 18:24:15,1,0,326,124,12,1,59,2,25,1,6760.22,2024-11-04 08:06:52
1975,19,592.24,2023-10-16 16:49:07,1,40,196,168,33,0,52,0,140,1,9817.05,2024-11-04 08:07:20
1976,199,200.19,2023-07-18 18:11:40,0,35,381,227,29,1,52,2,108,1,4389.96,2024-11-04 08:12:17
1977,452,297.5,2023-03-27 17:16:41,0,18,308,332,70,1,73,2,80,1,6768.14,2024-11-04 08:07:49
1978,137,345.86,2023-11-20 16:41:44,1,29,431,582,68,0,51,2,145,1,1504.64,2024-11-04 08:09:26
1979,207,343.88,2023-12-11 16:37:20,1,26,585,334,67,2,63,2,97,1,6486.18,2024-11-04 08:12:01
1980,393,16.52,2023-01-04 17:00:58,0,4,260,194,92,2,25,3,135,1,835.53,2024-11-04 08:07:28
1981,262,162.1,2023-12-06 17:34:01,1,25,401,549,77,1,41,1,151,1,8576.65,2024-11-04 08:08:09
1982,408,36.12,2023-11-29 17:55:07,1,15,605,488,84,2,22,3,234,1,1593.03,2024-11-04 08:08:11
1983,267,354.91,2023-12-18 16:33:07,1,4,170,216,85,0,74,2,191,1,3872.55,2024-11-04 08:09:08
1984,217,38.41,2023-04-11 16:06:20,1,10,432,167,67,0,40,0,117,1,9129.68,2024-11-04 08:07:27
1985,271,53.52,2023-03-31 16:18:37,1,36,562,190,65,1,49,1,55,1,2227.49,2024-11-04 08:08:36
1986,82,498.59,2023-10-23 18:41:35,1,30,532,120,59,2,57,2,138,1,2619.46,2024-11-04 08:11:11
1987,186,13.3,2023-06-06 16:36:30,1,35,163,121,8,0,23,3,63,1,213.0,2024-11-04 08:09:17
1988,206,189.65,2023-09-25 16:32:45,1,5,333,126,99,0,21,3,60,1,8457.09,2024-11-04 08:11:01
1989,319,255.32,2023-09-13 16:14:04,1,3,627,439,17,0,80,2,27,1,6290.62,2024-11-04 08:07:29
1990,157,230.51,2023-02-17 18:01:18,0,22,576,426,61,1,51,1,56,1,9522.37,2024-11-04 08:10:49
1991,490,237.74,2023-06-12 18:51:29,1,40,167,570,21,0,61,0,152,1,11795.12,2024-11-04 08:10:26
1992,252,512.76,2023-04-11 16:37:54,1,14,653,330,79,0,52,0,26,1,5121.36,2024-11-04 08:07:06
1993,347,151.37,2023-04-03 16:55:21,1,3,16,15,43,0,54,1,53,1,8356.08,2024-11-04 08:08:41
1994,113,85.01,2023-01-23 18:35:43,0,32,181,350,13,0,25,3,157,1,1299.4,2024-11-04 08:08:58
1995,472,444.47,2023-01-16 16:15:57,1,38,30,422,4,2,57,2,61,1,6062.94,2024-11-04 08:10:42
1996,490,184.19,2023-04-24 16:28:14,1,16,379,535,34,0,67,2,58,1,7588.67,2024-11-04 08:10:28
1997,129,879.25,2023-11-07 17:44:12,0,22,72,263,85,2,24,3,137,1,125.85,2024-11-04 08:08:02
1998,57,55.98,2023-09-25 16:41:04,0,18,531,511,12,1,24,3,87,1,7047.04,2024-11-04 08:12:04
1999,99,54.91,2023-02-13 16:08:58,0,8,89,133,9,0,41,1,275,1,7927.27,2024-11-04 08:07:25
2000,378,393.74,2023-12-04 18:11:56,1,5,390,490,98,2,26,3,90,1,1769.06,2024-11-04 08:06:52
2001,489,58.94,2023-01-16 16:16:42,1,24,661,466,45,2,30,1,26,1,4575.98,2024-11-04 08:08:38
2002,143,515.57,2023-01-02 17:26:34,1,8,191,134,26,0,27,1,56,1,9269.67,2024-11-04 08:06:54
2003,129,332.15,2023-10-16 17:12:32,1,9,404,407,29,0,59,0,105,1,9749.46,2024-11-04 08:07:16
2004,221,177.94,2023-09-26 16:08:25,1,25,673,376,87,2,19,3,173,1,123.24,2024-11-04 08:11:29
2005,216,68.68,2023-09-18 16:15:19,1,34,349,281,93,2,49,1,141,1,4718.51,2024-11-04 08:06:27
2006,131,240.03,2023-02-27 17:25:09,1,1,553,333,78,2,33,1,31,1,7807.73,2024-11-04 08:09:41
2007,54,168.34,2023-06-27 18:14:30,1,31,613,540,67,0,64,2,240,1,7483.01,2024-11-04 08:11:10
2008,352,474.77,2023-10-06 18:26:45,1,4,160,497,37,2,46,1,284,1,8494.53,2024-11-04 08:06:24
2009,413,451.7,2023-03-01 16:56:01,1,6,244,268,16,2,29,1,103,1,8994.67,2024-11-04 08:10:51
2010,458,243.85,2023-12-20 16:41:44,1,29,290,285,81,1,39,1,43,1,4576.78,2024-11-04 08:08:53
2011,424,5.76,2023-08-28 17:13:52,1,15,268,125,69,1,38,1,164,1,5859.79,2024-11-04 08:09:21
2012,69,435.08,2023-07-24 16:01:27,1,37,493,26,37,2,55,1,78,1,2103.41,2024-11-04 08:11:15
2013,398,127.78,2023-04-25 16:41:32,1,24,564,38,49,0,20,3,170,1,1046.66,2024-11-04 08:10:26
2014,343,23.14,2023-11-15 17:23:40,0,23,534,72,63,2,47,0,93,1,10536.54,2024-11-04 08:09:21
2015,230,545.87,2023-01-02 16:31:28,1,24,651,186,25,1,27,1,41,1,4860.01,2024-11-04 08:09:44
2016,224,21.21,2023-12-04 16:20:16,1,26,325,20,62,2,55,1,37,1,9575.42,2024-11-04 08:07:18
2017,23,423.53,2023-08-10 17:08:52,0,18,233,393,24,1,50,0,81,1,5453.4,2024-11-04 08:07:23
2018,325,142.1,2023-06-08 17:08:06,0,37,238,166,55,2,18,3,109,1,1545.64,2024-11-04 08:11:56
2019,40,114.15,2023-02-21 16:47:54,1,1,378,448,0,0,19,3,52,1,1612.4,2024-11-04 08:08:38
2020,200,275.98,2023-12-15 16:04:20,0,42,627,559,52,2,72,2,67,1,6151.05,2024-11-04 08:07:16
2021,243,590.68,2023-09-25 16:56:21,1,42,243,230,36,1,27,3,23,1,852.2,2024-11-04 08:09:15
2022,138,152.42,2023-10-23 16:45:37,1,38,160,410,56,0,42,0,176,1,9141.79,2024-11-04 08:12:18
2023,93,395.77,2023-02-27 16:24:11,0,12,272,46,94,1,43,0,118,1,6425.99,2024-11-04 08:08:17
2024,222,615.16,2023-02-06 16:40:27,1,4,90,490,79,2,26,3,140,1,214.61,2024-11-04 08:06:37
2025,439,207.82,2023-02-28 16:34:45,0,19,177,393,77,2,19,3,30,1,229.02,2024-11-04 08:07:02
2026,379,220.52,2023-06-07 16:07:22,1,39,492,440,53,0,57,2,152,1,1793.09,2024-11-04 08:07:19
2027,141,281.47,2023-08-18 17:02:15,1,30,451,9,28,0,34,1,142,1,4437.48,2024-11-04 08:11:13
2028,442,57.91,2023-11-28 16:45:08,0,34,374,516,78,1,58,1,97,1,3641.06,2024-11-04 08:07:03
2029,268,30.48,2023-12-04 16:27:11,0,39,462,447,72,1,32,0,78,1,11481.85,2024-11-04 08:07:38
2030,332,453.09,2023-06-05 16:24:22,1,38,147,540,87,1,48,0,97,1,6708.65,2024-11-04 08:08:12
2031,327,424.47,2023-02-27 16:05:35,1,28,402,148,49,2,22,3,116,1,5491.55,2024-11-04 08:08:43
2032,38,228.4,2023-01-05 16:22:12,1,29,303,142,59,0,67,0,116,1,9598.43,2024-11-04 08:09:36
2033,87,67.17,2023-07-03 18:03:48,1,39,543,12,33,2,63,0,48,1,14410.44,2024-11-04 08:08:55
2034,227,284.89,2023-12-18 17:53:03,1,1,38,429,41,2,53,0,115,1,9738.6,2024-11-04 08:06:51
2035,272,118.69,2023-02-13 18:36:21,1,29,211,149,28,2,33,0,296,1,749.34,2024-11-04 08:10:00
2036,459,221.33,2023-10-18 18:17:05,1,21,366,523,14,0,27,3,276,1,1185.43,2024-11-04 08:09:51
2037,202,252.31,2023-03-29 16:10:33,0,39,402,439,36,0,26,3,172,1,1584.6,2024-11-04 08:12:07
2038,34,58.85,2023-05-15 17:15:25,0,25,497,359,40,2,71,2,115,1,1789.8,2024-11-04 08:06:34
2039,223,194.68,2023-04-24 16:32:48,1,22,462,2,1,2,32,0,165,1,14494.18,2024-11-04 08:11:54
2040,246,433.53,2023-10-19 17:06:57,1,30,551,198,97,1,38,0,231,1,6368.32,2024-11-04 08:09:08
2041,293,178.26,2023-10-16 16:55:59,1,28,292,569,2,0,59,2,59,1,1137.13,2024-11-04 08:08:51
2042,310,207.65,2023-09-11 16:52:21,1,37,491,150,65,2,34,1,98,1,5143.8,2024-11-04 08:09:29
2043,287,237.0,2023-02-10 16:50:10,1,40,268,308,75,2,49,0,115,1,14021.4,2024-11-04 08:08:13
2044,394,347.63,2023-12-13 16:41:13,0,6,540,198,24,2,25,3,272,1,1400.04,2024-11-04 08:08:39
2045,378,517.68,2023-04-05 17:52:24,1,29,75,477,65,0,31,0,24,1,11305.81,2024-11-04 08:08:06
2046,324,36.25,2023-11-27 18:28:57,1,40,275,251,58,1,52,0,76,1,193.06,2024-11-04 08:10:09
2047,31,46.53,2023-06-22 17:27:50,1,37,278,91,81,0,42,1,34,1,4468.12,2024-11-04 08:07:22
2048,2,207.47,2023-10-02 18:57:19,1,24,618,135,44,0,53,0,12,1,1688.9,2024-11-04 08:07:01
2049,423,199.7,2023-04-03 18:41:57,1,16,525,484,83,0,43,1,285,1,7574.45,2024-11-04 08:08:58
2050,481,307.89,2023-07-10 16:34:43,0,26,253,101,31,2,62,2,90,1,2637.55,2024-11-04 08:11:34
2051,353,20.06,2023-04-19 16:41:27,1,22,180,317,16,0,27,3,144,1,445.21,2024-11-04 08:10:01
2052,472,236.57,2023-09-01 17:51:34,1,34,631,218,22,0,79,2,112,1,3488.77,2024-11-04 08:06:31
2053,231,0.32,2023-08-04 17:44:36,1,4,127,218,32,0,39,1,136,1,7158.58,2024-11-04 08:09:57
2054,83,14.28,2023-09-15 17:03:44,1,31,412,300,58,0,23,3,81,1,1597.51,2024-11-04 08:07:23
2055,343,232.35,2023-05-12 16:14:22,0,1,421,113,47,1,33,1,153,1,4186.25,2024-11-04 08:08:22
2056,309,317.53,2023-02-24 18:25:34,1,24,33,103,69,2,44,1,104,1,6237.68,2024-11-04 08:06:39
2057,54,74.67,2023-05-15 17:37:32,1,16,642,170,73,0,43,1,283,1,3449.35,2024-11-04 08:11:01
2058,393,65.01,2023-10-24 17:28:18,0,2,672,570,3,2,29,0,67,1,10235.19,2024-11-04 08:09:26
2059,319,0.45,2023-07-26 17:29:24,1,18,321,451,77,1,34,1,172,1,8670.23,2024-11-04 08:10:09
2060,93,364.13,2023-02-03 16:06:00,1,13,79,81,69,0,63,0,61,1,8198.0,2024-11-04 08:10:23
2061,425,222.66,2023-06-28 16:05:19,1,11,104,402,37,2,39,0,88,1,14466.38,2024-11-04 08:10:50
2062,363,638.24,2023-03-09 18:04:32,1,31,219,379,46,1,48,1,64,1,5695.78,2024-11-04 08:11:49
2063,87,241.21,2023-09-25 16:37:04,1,29,256,57,36,0,31,1,108,1,1220.86,2024-11-04 08:09:16
2064,33,171.16,2023-09-28 16:33:08,1,27,442,132,57,2,51,2,42,1,6126.5,2024-11-04 08:11:02
2065,54,37.65,2023-09-25 17:29:01,0,38,206,353,61,2,27,3,109,1,411.78,2024-11-04 08:11:02
2066,194,25.77,2023-10-02 16:32:31,1,22,411,575,53,2,68,2,18,1,4331.54,2024-11-04 08:06:40
2067,390,789.8,2023-07-10 16:04:39,1,17,262,493,37,0,40,0,94,1,13948.09,2024-11-04 08:07:32
2068,351,806.97,2023-03-07 17:48:05,1,39,666,275,27,2,25,3,11,1,102.2,2024-11-04 08:08:53
2069,483,364.81,2023-06-26 17:34:00,1,5,78,117,26,2,25,3,53,1,1145.23,2024-11-04 08:07:19
2070,361,490.82,2023-06-01 18:04:35,1,18,551,208,28,0,26,1,114,1,8704.27,2024-11-04 08:09:41
2071,174,311.28,2023-05-22 16:41:12,1,1,495,251,44,1,49,0,198,1,135.96,2024-11-04 08:09:13
2072,116,85.03,2023-04-10 16:52:51,1,36,107,176,19,0,51,2,48,1,4597.57,2024-11-04 08:06:59
2073,180,307.75,2023-04-12 17:54:47,1,11,589,412,84,1,64,0,63,1,1061.58,2024-11-04 08:10:03
2074,135,333.67,2023-07-06 18:09:06,1,13,279,80,36,2,36,1,68,1,9238.08,2024-11-04 08:08:44
2075,188,372.08,2023-03-06 16:37:23,1,15,452,14,31,1,66,0,63,1,13330.74,2024-11-04 08:12:15
2076,367,502.9,2023-09-18 17:13:32,0,14,367,96,0,2,26,3,141,1,341.24,2024-11-04 08:08:40
2077,165,103.81,2023-09-27 16:39:38,1,28,274,340,97,0,36,0,34,1,7044.63,2024-11-04 08:11:54
2078,147,69.43,2023-02-06 17:38:53,1,19,454,94,2,0,30,1,162,1,9281.85,2024-11-04 08:08:31
2079,447,110.4,2023-09-21 16:52:18,0,36,151,485,32,0,56,0,62,1,8639.36,2024-11-04 08:08:33
2080,248,275.65,2023-08-14 16:52:32,0,1,235,481,12,1,28,1,14,1,4957.57,2024-11-04 08:08:18
2081,353,251.8,2023-04-03 16:14:34,1,23,632,478,19,0,62,0,102,1,11796.66,2024-11-04 08:10:15
2082,48,334.07,2023-08-11 17:27:16,1,27,423,10,53,1,59,1,200,1,7306.79,2024-11-04 08:10:28
2083,52,52.44,2023-09-06 18:56:24,1,33,410,12,45,2,27,3,87,1,3157.75,2024-11-04 08:09:31
2084,317,141.37,2023-07-21 16:54:10,1,10,117,459,25,2,46,1,77,1,1019.77,2024-11-04 08:11:41
2085,138,211.7,2023-11-13 16:58:19,0,6,154,475,63,2,50,0,205,1,12272.78,2024-11-04 08:07:08
2086,402,308.23,2023-04-17 16:12:22,1,19,7,292,57,0,60,2,23,1,4150.63,2024-11-04 08:11:35
2087,216,111.41,2023-12-27 17:18:17,1,6,158,231,78,1,21,3,181,1,1204.11,2024-11-04 08:10:44
2088,334,675.49,2023-03-15 16:16:53,1,5,403,315,64,0,61,2,159,1,1893.0,2024-11-04 08:10:47
2089,440,29.72,2023-07-19 17:16:18,1,35,130,312,83,0,26,3,38,1,1059.62,2024-11-04 08:07:50
2090,36,301.73,2023-06-27 16:40:58,1,40,5,193,43,2,67,0,163,1,990.74,2024-11-04 08:07:10
2091,381,294.61,2023-09-28 18:53:02,1,29,627,345,45,1,60,2,74,1,7375.59,2024-11-04 08:07:33
2092,124,106.43,2023-04-17 17:32:12,0,31,478,131,62,0,52,1,164,1,9403.12,2024-11-04 08:10:35
2093,153,381.52,2023-11-20 16:42:12,1,39,295,250,51,2,36,0,79,1,5798.92,2024-11-04 08:11:07
2094,199,5.66,2023-12-04 18:43:37,1,14,81,218,28,1,40,1,33,1,5434.64,2024-11-04 08:11:43
2095,482,209.09,2023-11-07 18:44:46,1,41,57,508,90,0,48,0,203,1,9100.81,2024-11-04 08:06:31
2096,372,521.81,2023-11-16 17:26:37,1,41,475,331,57,0,47,1,34,1,4750.96,2024-11-04 08:07:27
2097,250,588.36,2023-01-09 16:08:44,1,5,343,544,67,2,33,1,134,1,8434.99,2024-11-04 08:10:22
2098,326,146.67,2023-10-31 16:05:00,1,0,514,239,24,2,20,3,273,1,1569.75,2024-11-04 08:11:06
2099,64,57.34,2023-10-23 16:03:49,1,1,355,232,88,2,27,3,81,1,1100.64,2024-11-04 08:10:22
2100,164,294.77,2023-10-10 17:16:59,1,30,434,376,86,2,77,2,101,1,2272.17,2024-11-04 08:10:02
2101,283,881.32,2023-08-31 17:29:03,1,12,341,262,14,2,31,1,59,1,2287.93,2024-11-04 08:06:52
2102,4,162.59,2023-02-22 16:18:32,1,16,384,305,97,1,64,2,19,1,7104.83,2024-11-04 08:08:46
2103,188,56.15,2023-12-28 18:53:29,1,26,323,346,88,1,31,0,77,1,13265.92,2024-11-04 08:09:03
2104,437,524.55,2023-09-19 16:32:00,1,12,270,519,38,0,39,0,175,1,8292.75,2024-11-04 08:07:00
2105,94,535.4,2023-05-12 18:38:11,1,36,436,448,22,1,23,3,110,1,651.84,2024-11-04 08:08:50
2106,222,56.84,2023-08-14 17:29:30,1,33,629,154,87,0,45,1,185,1,7977.78,2024-11-04 08:09:53
2107,40,135.94,2023-01-18 16:48:32,1,15,469,472,19,1,71,2,258,1,4710.21,2024-11-04 08:10:02
2108,454,47.1,2023-07-03 17:26:49,0,42,525,325,20,1,42,0,178,1,6308.07,2024-11-04 08:09:40
2109,372,124.05,2023-10-25 16:50:02,0,0,627,274,30,1,61,0,220,1,7009.54,2024-11-04 08:12:09
2110,317,802.89,2023-08-28 18:32:00,1,6,49,108,36,0,19,3,175,1,1973.63,2024-11-04 08:11:17
2111,323,193.16,2023-04-06 16:41:31,1,5,285,102,99,0,64,2,109,1,2304.56,2024-11-04 08:07:13
2112,332,541.52,2023-06-28 17:47:15,0,16,323,176,93,1,48,1,161,1,6087.24,2024-11-04 08:08:36
2113,2,20.17,2023-01-02 16:45:05,1,35,278,361,87,0,77,2,86,1,3869.37,2024-11-04 08:08:39
2114,144,35.98,2023-08-17 16:14:47,0,26,637,344,3,1,40,0,133,1,11147.34,2024-11-04 08:06:59
2115,3,273.24,2023-12-12 16:56:18,1,14,601,333,10,1,51,2,173,1,2202.21,2024-11-04 08:10:05
2116,380,663.45,2023-12-12 17:20:46,1,0,543,160,75,0,67,2,147,1,5897.29,2024-11-04 08:11:40
2117,184,343.86,2023-02-13 16:44:51,1,5,132,305,57,1,57,1,70,1,3278.65,2024-11-04 08:09:48
2118,310,75.43,2023-08-14 16:01:57,1,14,271,451,95,0,77,2,266,1,1441.86,2024-11-04 08:11:19
2119,292,414.64,2023-04-03 16:27:24,1,23,673,166,59,1,32,0,74,1,7253.22,2024-11-04 08:09:17
2120,299,86.79,2023-01-23 16:31:30,1,13,494,313,99,1,33,0,166,1,8795.37,2024-11-04 08:07:48
2121,46,14.1,2023-12-25 17:13:46,1,21,97,191,26,1,45,1,73,1,6949.21,2024-11-04 08:08:16
2122,478,63.33,2023-12-26 17:10:01,0,21,466,510,13,1,23,3,124,1,792.33,2024-11-04 08:12:02
2123,62,606.27,2023-06-22 17:05:42,1,21,313,67,17,1,29,0,42,1,9668.78,2024-11-04 08:09:33
2124,79,4.47,2023-08-14 16:20:49,1,3,233,135,32,1,27,3,132,1,1381.75,2024-11-04 08:10:24
2125,224,289.01,2023-08-28 16:41:21,1,24,197,268,43,2,66,2,96,1,4226.26,2024-11-04 08:08:12
2126,201,338.69,2023-10-23 18:46:51,1,41,458,443,25,1,18,3,169,1,1137.89,2024-11-04 08:06:32
2127,142,97.73,2023-05-29 17:55:23,1,34,37,95,17,1,69,0,156,1,7885.21,2024-11-04 08:08:27
2128,442,27.61,2023-03-10 16:28:07,0,13,446,58,14,0,54,2,26,1,3679.64,2024-11-04 08:09:16
2129,357,284.17,2023-05-24 16:02:39,1,22,241,418,73,0,51,2,189,1,3479.56,2024-11-04 08:08:05
2130,390,76.21,2023-01-10 16:41:42,1,20,266,419,54,1,22,3,69,1,664.93,2024-11-04 08:10:44
2131,450,334.79,2023-11-20 17:51:05,0,10,648,481,96,1,69,0,292,1,624.09,2024-11-04 08:08:26
2132,357,584.51,2023-08-25 17:47:07,1,10,672,46,9,0,74,2,76,1,3254.56,2024-11-04 08:08:49
2133,321,432.18,2023-05-19 16:31:11,1,19,22,520,7,1,18,3,162,1,678.83,2024-11-04 08:08:30
2134,493,134.55,2023-10-09 16:44:50,1,38,213,8,25,2,59,0,165,1,14852.42,2024-11-04 08:08:25
2135,74,61.66,2023-02-10 16:34:00,1,34,123,39,84,0,26,3,86,1,5705.4,2024-11-04 08:06:48
2136,61,12.35,2023-02-06 18:39:50,1,14,207,121,91,1,25,3,22,1,1846.85,2024-11-04 08:11:12
2137,370,213.25,2023-02-23 17:30:07,1,37,424,512,75,1,25,3,63,1,677.79,2024-11-04 08:08:03
2138,386,34.93,2023-10-16 16:11:52,1,8,417,216,55,1,31,1,72,1,2810.37,2024-11-04 08:11:12
2139,233,335.68,2023-11-06 17:20:40,1,40,537,555,61,2,24,3,142,1,1188.95,2024-11-04 08:11:20
2140,128,423.96,2023-01-30 18:50:14,1,36,41,104,85,0,43,0,75,1,8374.38,2024-11-04 08:08:41
2141,130,220.82,2023-12-29 16:30:53,1,21,287,406,88,1,42,1,31,1,4298.13,2024-11-04 08:08:24
2142,69,717.36,2023-01-02 17:00:33,0,36,34,454,19,2,22,3,138,1,514.88,2024-11-04 08:09:39
2143,451,406.12,2023-08-03 17:32:39,1,15,107,234,3,0,42,0,106,1,10501.53,2024-11-04 08:11:29
2144,151,427.83,2023-05-10 17:02:51,1,31,509,169,65,0,47,1,29,1,3293.06,2024-11-04 08:09:49
2145,2,416.62,2023-03-06 17:26:59,0,3,475,181,90,2,26,3,67,1,9700.9,2024-11-04 08:11:23
2146,322,21.9,2023-04-10 17:04:28,1,31,210,100,83,0,28,3,30,1,1052.27,2024-11-04 08:11:15
2147,356,717.74,2023-12-08 16:51:28,0,34,29,179,19,2,42,1,168,1,8375.16,2024-11-04 08:10:43
2148,192,393.68,2023-09-18 16:40:55,1,36,33,124,86,0,55,0,141,1,10135.88,2024-11-04 08:07:00
2149,9,281.91,2023-01-12 17:10:03,1,10,301,368,68,1,25,3,269,1,225.53,2024-11-04 08:07:24
2150,30,239.85,2023-01-26 16:17:52,1,40,0,71,46,0,70,2,50,1,1477.63,2024-11-04 08:07:51
2151,199,237.84,2023-09-22 17:40:23,1,26,109,271,46,1,26,3,16,1,8932.39,2024-11-04 08:09:29
2152,257,459.29,2023-01-26 18:07:00,0,18,587,46,15,2,64,2,109,1,1006.12,2024-11-04 08:11:08
2153,156,196.49,2023-12-22 17:31:59,1,28,329,108,15,1,41,1,65,1,7516.56,2024-11-04 08:09:30
2154,128,344.87,2023-08-28 17:59:32,1,15,585,75,89,1,58,2,25,1,7447.44,2024-11-04 08:11:21
2155,493,129.62,2023-07-06 16:47:00,0,38,175,406,69,0,23,3,124,1,620.28,2024-11-04 08:06:51
2156,378,16.53,2023-07-24 17:07:27,1,15,77,457,16,0,21,3,220,1,707.95,2024-11-04 08:08:29
2157,26,277.02,2023-11-13 16:16:48,0,10,540,498,41,0,46,0,227,1,8586.38,2024-11-04 08:09:56
2158,173,13.02,2023-06-14 16:24:08,1,5,370,71,13,1,51,0,42,1,6076.45,2024-11-04 08:11:43
2159,148,199.02,2023-01-30 17:36:54,1,22,515,586,80,0,22,3,185,1,793.63,2024-11-04 08:08:22
2160,437,684.5,2023-07-31 18:52:14,1,13,74,264,34,1,29,0,76,1,6258.63,2024-11-04 08:10:14
2161,446,45.92,2023-06-19 17:25:35,1,26,597,69,86,0,26,3,23,1,544.56,2024-11-04 08:06:32
2162,117,761.73,2023-09-11 17:15:04,1,8,186,562,74,0,19,3,27,1,151.28,2024-11-04 08:09:23
2163,337,331.38,2023-05-30 17:13:38,1,24,596,260,50,0,42,1,122,1,844.55,2024-11-04 08:08:38
2164,187,602.8,2023-03-20 17:25:15,1,3,320,211,2,1,60,2,173,1,7417.69,2024-11-04 08:10:57
2165,73,64.12,2023-08-10 17:12:55,0,16,12,349,96,1,57,0,222,1,1029.09,2024-11-04 08:09:39
2166,444,57.38,2023-02-13 18:27:34,1,18,232,441,61,2,28,3,86,1,899.52,2024-11-04 08:08:31
2167,295,94.64,2023-05-15 18:30:55,0,27,523,345,35,0,28,3,144,1,586.76,2024-11-04 08:08:50
2168,180,155.56,2023-04-24 16:07:53,0,2,32,462,13,1,19,3,64,1,129.79,2024-11-04 08:07:46
2169,77,301.39,2023-07-04 16:21:12,0,10,359,545,49,2,47,0,104,1,10548.58,2024-11-04 08:07:22
2170,3,136.31,2023-10-30 16:38:14,1,26,388,480,54,2,74,2,65,1,4384.95,2024-11-04 08:08:41
2171,61,4.39,2023-06-12 16:03:42,1,30,424,252,83,0,26,3,63,1,1429.61,2024-11-04 08:11:48
2172,339,429.25,2023-06-12 16:26:36,1,39,194,296,89,2,29,1,107,1,5019.68,2024-11-04 08:08:36
2173,174,138.54,2023-01-03 17:56:37,0,2,21,282,27,1,60,1,93,1,8274.77,2024-11-04 08:09:05
2174,163,33.03,2023-08-10 16:58:10,1,42,360,27,18,1,21,3,28,1,935.88,2024-11-04 08:09:57
2175,95,76.39,2023-02-27 16:28:23,1,34,130,365,4,2,30,0,80,1,11584.32,2024-11-04 08:10:59
2176,236,25.32,2023-03-07 17:49:13,1,28,405,563,89,0,19,3,25,1,1642.34,2024-11-04 08:09:29
2177,303,330.91,2023-03-06 17:25:20,1,18,4,239,40,0,36,1,28,1,6481.35,2024-11-04 08:11:10
2178,303,153.55,2023-11-08 17:53:52,1,10,421,206,98,2,37,0,16,1,5619.91,2024-11-04 08:07:38
2179,86,217.61,2023-02-28 17:34:08,1,29,492,261,38,2,27,3,120,1,1661.1,2024-11-04 08:11:11
2180,364,131.69,2023-10-16 16:22:32,0,10,43,386,66,1,53,1,59,1,2958.43,2024-11-04 08:07:03
2181,446,68.49,2023-10-25 17:37:30,1,26,537,411,50,2,67,2,49,1,6683.31,2024-11-04 08:10:51
2182,148,470.62,2023-02-27 17:52:43,1,40,617,233,1,1,57,0,127,1,12470.62,2024-11-04 08:06:42
2183,101,385.35,2023-10-03 17:14:49,1,24,313,277,44,1,38,0,269,1,5184.13,2024-11-04 08:12:12
2184,173,74.72,2023-07-25 18:58:19,1,31,263,522,30,2,26,3,132,1,165.75,2024-11-04 08:10:19
2185,191,352.03,2023-06-08 16:49:20,0,31,576,83,0,2,27,3,219,1,4846.68,2024-11-04 08:11:14
2186,222,275.87,2023-08-28 18:27:59,1,39,292,37,95,0,25,3,112,1,1697.58,2024-11-04 08:07:09
2187,262,90.94,2023-11-24 17:55:11,0,7,571,435,83,0,63,2,56,1,3896.08,2024-11-04 08:12:21
2188,127,206.25,2023-10-03 16:22:49,1,3,44,165,73,0,74,2,56,1,3651.07,2024-11-04 08:07:59
2189,356,116.76,2023-01-16 16:55:13,1,30,476,482,66,0,51,1,212,1,4480.43,2024-11-04 08:07:09
2190,153,91.5,2023-03-27 16:26:42,1,29,111,203,32,0,47,0,77,1,667.66,2024-11-04 08:07:56
2191,18,489.31,2023-04-03 16:34:10,1,21,283,161,88,1,43,1,36,1,5595.22,2024-11-04 08:12:22
2192,453,414.49,2023-02-13 16:03:33,0,31,300,27,50,2,58,0,108,1,12709.58,2024-11-04 08:09:08
2193,67,315.13,2023-12-05 16:04:34,1,29,167,24,44,1,30,1,143,1,6570.94,2024-11-04 08:07:21
2194,44,28.38,2023-10-03 16:39:18,1,40,197,387,41,1,45,0,260,1,8892.62,2024-11-04 08:09:52
2195,65,456.05,2023-03-17 17:03:03,1,11,214,564,72,1,68,0,20,1,11729.51,2024-11-04 08:10:37
2196,252,277.22,2023-08-17 17:10:25,1,18,560,141,34,1,35,0,41,1,12104.51,2024-11-04 08:07:27
2197,212,54.84,2023-05-08 16:48:31,1,18,138,245,1,2,52,2,124,1,3495.51,2024-11-04 08:11:44
2198,150,29.92,2024-01-01 16:25:13,0,10,647,202,9,2,68,0,63,1,7855.01,2024-11-04 08:10:15
2199,301,133.06,2023-02-03 17:00:39,1,19,591,22,71,2,35,1,143,1,8843.44,2024-11-04 08:09:53
2200,114,14.34,2023-10-17 17:51:19,0,22,595,537,3,2,67,2,24,1,7932.51,2024-11-04 08:07:06
2201,301,468.32,2023-06-08 16:20:29,1,14,195,311,94,2,69,2,152,1,4710.04,2024-11-04 08:06:47
2202,30,582.17,2023-12-07 16:02:47,1,40,31,131,92,1,57,1,135,1,7310.83,2024-11-04 08:08:05
2203,368,245.62,2023-12-15 17:01:58,1,35,44,200,20,1,23,3,127,1,1879.82,2024-11-04 08:08:30
2204,458,83.6,2023-12-29 18:29:23,1,38,230,527,89,0,47,0,192,1,13899.24,2024-11-04 08:09:19
2205,240,331.22,2023-05-25 16:27:17,0,28,427,13,34,1,61,0,161,1,12613.25,2024-11-04 08:12:21
2206,367,57.49,2023-11-16 18:09:35,0,11,513,483,13,2,24,3,177,1,765.15,2024-11-04 08:11:34
2207,380,85.58,2023-11-23 17:17:59,1,13,482,411,28,0,55,1,60,1,7794.84,2024-11-04 08:07:49
2208,76,157.56,2023-04-11 17:06:47,1,16,530,493,55,1,43,0,159,1,7541.16,2024-11-04 08:07:45
2209,418,230.3,2023-02-24 16:57:24,1,7,28,123,31,2,46,1,24,1,8356.88,2024-11-04 08:08:21
2210,31,305.92,2023-12-06 16:42:18,1,12,126,100,56,0,72,2,88,1,1445.47,2024-11-04 08:08:28
2211,293,116.33,2023-02-17 16:37:06,1,14,374,218,89,1,27,3,144,1,1696.15,2024-11-04 08:08:42
2212,426,537.71,2023-04-04 16:07:04,0,23,72,130,77,2,19,3,175,1,1806.08,2024-11-04 08:07:22
2213,433,538.17,2023-09-26 17:27:17,0,42,413,59,54,1,27,1,252,1,5908.04,2024-11-04 08:10:25
2214,401,219.44,2023-07-20 18:13:07,1,42,660,486,2,2,42,1,23,1,4207.27,2024-11-04 08:09:38
2215,3,61.62,2023-10-09 16:01:25,1,24,132,576,65,2,57,0,19,1,8365.37,2024-11-04 08:12:02
2216,77,58.77,2023-07-13 16:35:37,1,22,232,102,35,2,27,1,191,1,7261.7,2024-11-04 08:06:39
2217,350,538.13,2023-09-07 17:44:26,1,5,390,391,44,0,62,2,165,1,5008.59,2024-11-04 08:12:13
2218,264,177.05,2023-08-29 16:22:40,1,30,580,422,59,1,24,3,235,1,4287.82,2024-11-04 08:06:55
2219,13,719.76,2023-03-30 17:50:23,1,37,528,182,37,1,19,3,190,1,690.52,2024-11-04 08:11:25
2220,138,163.22,2023-04-06 18:06:12,1,24,188,245,28,2,26,3,217,1,1788.27,2024-11-04 08:07:56
2221,454,242.85,2023-10-23 16:19:39,1,35,67,75,35,2,42,1,93,1,4672.8,2024-11-04 08:10:22
2222,487,291.22,2023-11-03 16:45:25,0,3,534,221,94,2,41,1,100,1,3677.63,2024-11-04 08:09:36
2223,320,56.52,2023-12-04 16:08:59,1,29,144,158,76,0,42,1,152,1,6911.2,2024-11-04 08:08:50
2224,148,195.8,2023-02-28 17:37:48,1,33,491,545,51,2,39,0,186,1,12027.68,2024-11-04 08:06:59
2225,237,66.76,2023-04-24 18:29:26,0,2,645,584,3,1,36,0,44,1,184.72,2024-11-04 08:10:58
2226,219,190.9,2023-10-09 16:17:07,1,17,373,428,1,2,28,3,40,1,101.25,2024-11-04 08:10:27
2227,167,106.99,2023-11-24 17:00:27,1,29,90,272,77,1,38,1,152,1,5771.4,2024-11-04 08:10:43
2228,480,107.1,2023-06-16 16:41:13,0,30,436,188,51,2,25,3,175,1,193.8,2024-11-04 08:11:33
2229,307,430.83,2023-08-14 16:09:21,1,20,190,557,78,1,18,3,292,1,941.49,2024-11-04 08:07:49
2230,477,235.34,2023-10-16 16:13:57,1,42,606,289,84,1,26,3,68,1,566.83,2024-11-04 08:12:01
2231,424,86.35,2023-09-04 17:17:40,0,16,271,36,25,1,52,2,24,1,1550.48,2024-11-04 08:10:10
2232,315,337.99,2023-03-02 16:41:57,1,7,403,43,68,0,70,0,115,1,9038.63,2024-11-04 08:06:36
2233,458,577.13,2023-09-27 16:50:01,0,38,421,279,64,1,40,1,66,1,6640.51,2024-11-04 08:08:42
2234,430,213.33,2023-08-28 16:41:57,1,29,307,484,87,0,52,2,161,1,5400.44,2024-11-04 08:12:15
2235,274,54.52,2023-03-02 17:32:19,1,16,560,34,46,1,32,0,164,1,6980.98,2024-11-04 08:09:06
2236,430,100.13,2023-12-11 16:40:52,1,10,210,376,67,1,57,0,168,1,5209.16,2024-11-04 08:11:08
2237,246,883.92,2023-11-03 16:08:00,0,40,57,60,5,2,53,2,129,1,2342.64,2024-11-04 08:11:08
2238,406,69.8,2023-05-02 16:01:04,0,27,348,76,3,1,27,3,138,1,136.77,2024-11-04 08:09:01
2239,279,768.94,2023-10-11 17:36:16,1,16,272,440,50,1,64,2,53,1,6860.18,2024-11-04 08:07:37
2240,52,179.62,2023-11-15 16:00:38,1,40,484,577,81,2,24,3,119,1,409.26,2024-11-04 08:11:42
2241,126,425.91,2023-03-24 16:34:27,1,17,395,226,37,0,23,3,47,1,383.58,2024-11-04 08:07:14
2242,231,263.34,2023-03-08 17:43:41,1,10,486,322,83,0,64,2,55,1,2411.02,2024-11-04 08:11:16
2243,270,113.03,2023-03-15 17:53:09,0,40,501,30,0,2,36,0,12,1,6756.13,2024-11-04 08:08:48
2244,120,11.02,2023-07-31 17:49:23,1,2,356,521,69,2,42,0,42,1,7879.66,2024-11-04 08:07:22
2245,297,865.17,2023-12-07 17:13:16,1,15,365,522,8,1,24,3,161,1,9297.5,2024-11-04 08:10:13
2246,56,152.0,2023-12-18 18:11:24,1,0,173,309,59,0,51,1,63,1,7531.43,2024-11-04 08:07:25
2247,56,270.39,2023-06-12 17:30:53,1,17,208,36,5,0,25,3,104,1,899.15,2024-11-04 08:07:39
2248,40,246.41,2023-05-26 17:10:40,1,11,481,468,70,0,54,2,23,1,1431.6,2024-11-04 08:12:12
2249,271,336.84,2023-03-07 17:24:45,1,42,538,181,72,0,22,3,100,1,4500.26,2024-11-04 08:09:58
2250,270,261.45,2023-10-27 17:02:06,0,28,4,516,70,2,50,1,96,1,6735.74,2024-11-04 08:09:11
2251,68,99.98,2023-03-30 16:52:05,0,42,260,356,92,2,73,2,152,1,3037.97,2024-11-04 08:07:59
2252,312,400.69,2023-04-03 16:19:59,1,19,105,154,65,2,32,1,26,1,9040.33,2024-11-04 08:07:57
2253,341,411.47,2023-12-25 16:25:42,1,13,108,395,79,0,26,3,120,1,796.63,2024-11-04 08:11:11
2254,176,204.63,2023-06-21 17:48:16,1,19,674,134,89,2,52,1,92,1,9199.52,2024-11-04 08:09:54
2255,169,421.56,2023-07-18 17:56:55,1,38,55,554,46,2,53,1,144,1,8037.87,2024-11-04 08:10:58
2256,49,193.38,2023-07-20 16:05:11,1,22,183,566,68,0,18,3,285,1,1081.79,2024-11-04 08:10:56
2257,199,377.04,2023-03-16 16:52:04,1,6,565,308,53,0,34,1,64,1,3812.87,2024-11-04 08:09:54
2258,123,54.1,2023-05-19 17:47:41,0,4,30,35,84,1,28,1,17,1,940.91,2024-11-04 08:06:59
2259,306,18.1,2023-04-14 16:33:13,1,21,65,132,19,0,57,2,66,1,6474.34,2024-11-04 08:06:41
2260,114,408.62,2023-05-22 17:41:48,0,13,659,472,20,2,48,1,159,1,2498.48,2024-11-04 08:07:08
2261,260,162.1,2023-12-04 16:14:07,1,3,410,272,17,1,64,0,221,1,9578.74,2024-11-04 08:11:35
2262,486,165.31,2023-04-03 16:05:30,1,4,340,514,58,0,49,0,28,1,7346.66,2024-11-04 08:10:12
2263,274,856.9,2023-03-17 16:10:35,1,27,648,266,87,1,36,1,150,1,8579.69,2024-11-04 08:09:52
2264,317,433.9,2023-03-10 17:38:58,1,0,285,411,12,2,65,0,37,1,9013.1,2024-11-04 08:07:44
2265,179,271.22,2023-04-03 16:07:53,0,21,51,415,55,0,45,0,87,1,6863.02,2024-11-04 08:06:52
2266,426,307.68,2023-01-18 17:21:27,0,11,434,452,67,2,75,2,162,1,2052.84,2024-11-04 08:12:03
2267,29,348.17,2023-05-10 17:56:31,1,12,260,544,71,0,21,3,181,1,1887.84,2024-11-04 08:11:06
2268,401,43.1,2023-10-04 18:25:44,1,10,247,497,91,1,25,3,102,1,6944.9,2024-11-04 08:07:24
2269,87,557.78,2023-05-30 16:55:04,0,31,197,118,71,1,26,3,102,1,1289.48,2024-11-04 08:11:13
2270,369,325.6,2023-09-26 16:15:36,1,9,372,126,25,0,69,0,88,1,13777.1,2024-11-04 08:10:49
2271,213,235.83,2023-09-01 16:26:50,0,22,289,165,11,2,53,1,169,1,4120.75,2024-11-04 08:08:53
2272,67,603.54,2023-04-21 16:22:38,1,0,309,42,28,2,44,0,26,1,10517.47,2024-11-04 08:08:08
2273,421,270.25,2023-11-06 16:56:41,1,40,218,131,64,0,31,1,42,1,5414.97,2024-11-04 08:10:48
2274,45,123.38,2024-01-01 17:21:56,1,34,213,188,48,2,59,0,40,1,13542.41,2024-11-04 08:10:53
2275,371,577.12,2023-01-27 17:38:07,1,41,108,68,74,0,39,1,69,1,5265.88,2024-11-04 08:10:50
2276,253,92.24,2023-04-13 17:45:33,1,30,511,255,75,1,60,1,93,1,6937.48,2024-11-04 08:09:06
2277,292,856.21,2023-04-26 17:09:36,0,7,600,324,71,1,33,0,109,1,12690.79,2024-11-04 08:11:29
2278,317,251.54,2023-03-22 17:36:48,1,40,393,446,28,1,48,0,177,1,254.75,2024-11-04 08:11:42
2279,93,28.63,2023-08-21 17:08:50,1,36,93,472,86,1,56,2,146,1,3382.91,2024-11-04 08:08:39
2280,116,185.97,2023-02-24 16:24:46,1,10,609,325,40,2,23,3,19,1,1776.91,2024-11-04 08:12:22
2281,8,243.08,2023-02-14 16:21:23,0,17,209,475,40,2,24,3,93,1,131.25,2024-11-04 08:07:49
